Workbook

Sheet Instructions
B1: Project Planner - MS Project-compatible Excel template
B4: HOW IT WORKS
B5: 1. Settings | C5: Set project start, working week (Mon-Sun Yes/No), hours/day, status date, Gantt scale and sprint calendar. Add holidays on 'Holidays'.
B6: 2. Resources | C6: List people/roles with Max Units and hourly rate. They appear in the Resource dropdown on Tasks and in sprint capacity.
B7: 3. Tasks | C7: One row per task. Enter Level (1 = phase/summary, 2 = task, 3 = sub-task...), Task Name, Duration in working days (0 = milestone), and up to two predecessors by ID with link type (FS, SS, FF, SF) and lag in days (negative = lead). A row becomes a SUMMARY automatically when the rows beneath it have a higher level; its dates, work, cost and progress roll up.
B8: 4. Track progress | C8: Enter Actual Start, Actual Finish and % Complete. Forecast Start/Finish then use actuals and push every dependent task; Planned Start/Finish keep the original plan (= MS Project Baseline). Finish Variance and Status flag slippage.
B9: 5. Gantt | C9: Read-only view: grey line = planned dates, green = done, blue = remaining on track, orange = remaining but late vs plan, dark = summary, red border = status date. Change GanttStart / GanttPeriod (1 = days, 7 = weeks) on Settings to scroll or zoom.
B10: 6. Sprints | C10: Sprint calendar from Settings. Each task is tagged with the sprint its forecast start falls in. Work hours are prorated across sprints per resource, compared against capacity (Max Units x Hours/day x working days); over-allocations turn red.
B11: 7. Dashboard | C11: KPIs, status counts, upcoming milestones and sprint load vs capacity.
B13: CELL COLOURS
B14: Blue text | C14: Input - type here.
B15: Black text on grey | C15: Formula - do not overwrite. Summary rows grey-out inputs that are ignored.
B16: Dark blue header | C16: Input column. Dark grey header = calculated. Light grey header = helper column (hidden, grouped).
B18: RULES (same as MS Project)
B19: Task IDs | C19: ID = sequence of named rows. Inserting a row renumbers IDs below it (like MS Project) - re-check predecessor IDs after inserting or deleting rows. Easiest: add new tasks at the bottom of a phase and set Level.
B20: Outline levels | C20: Each row's Level may be at most 1 higher than the row above. A '?' in WBS (red) means a level jump.
B21: Predecessors | C21: Link detail tasks, not summaries, and never link a task to itself or its own summary (that creates a circular reference). Summary rows ignore Duration / Predecessors / Actuals - they roll up.
B22: Mode | C22: Auto = scheduled from predecessors, project start and 'Start No Earlier Than'. Manual = pinned to the date in 'Start No Earlier Than / Manual Start'.
B23: Rescheduling | C23: Settings > RescheduleAfterStatus = Yes moves incomplete work to after the status date (like MS Project 'Update Project'), so late tasks push successors.
B24: Capacity | C24: Rows provided: 200 tasks, 50 resources, 26 sprints, 100 holidays. To extend, copy the last formula row down and extend the named ranges in Name Manager.
B26: MOVING TO MICROSOFT PROJECT
B27: One-time setting | C27: MS Project > File > Options > Trust Center > Trust Center Settings > Legacy Formats > 'Allow loading files with legacy or non-default file formats'.
B28: Import | C28: In MS Project: File > Open > choose this .xlsx > Import Wizard > New map > 'As a new project' > tick Tasks (and Resources) > Tasks source worksheet = MSP_Tasks, Resources = MSP_Resources. Column headers already use MS Project field names, so the wizard maps them automatically.
B29: Tip: Start/Finish | C29: For auto-scheduled tasks map Duration + Predecessors (+ Constraint Type/Date) and set Start/Finish to '(not mapped)' - importing Start/Finish makes MS Project add fixed 'Start No Earlier Than' constraints. Map Baseline Start/Finish to keep the plan, and Actual Start/Finish/% Complete for progress.
B30: Rows | C30: MSP_Tasks contains 200 rows; blank rows import as blank tasks - delete them in MS Project or copy only the filled rows to a new sheet before importing.
B31: From MS Project to Excel | C31: MS Project > File > Save As > Excel Workbook > use the same field names, then paste Name / Outline Level / Duration / Predecessors etc. into the Tasks input columns (split '3FS+2d' into Pred ID, Type, Lag).
B33: NAMED RANGES (Formulas > Name Manager)
B34: Settings | C34: ProjectStart, StatusDate, StatusWorkday, WorkWeek, Holidays, HoursPerDay, DefaultUnits, RescheduleAfterStatus, GanttStart, GanttPeriod, Sprint1Start, SprintLength, SprintCount, SprintPrefix, SprintLastEnd
B35: Task columns | C35: tsk_ID, tsk_WBS, tsk_Level, tsk_Name, tsk_Duration, tsk_PlanStart, tsk_PlanFinish, tsk_ActStart, tsk_ActFinish, tsk_FcStart, tsk_FcFinish, tsk_Variance, tsk_Progress, tsk_Status, tsk_Resource, tsk_Work, tsk_Cost, tsk_Sprint, tsk_Predecessors, tsk_IsSummary, tsk_IsLeaf ... and hdr_* anchors used by OFFSET look-ups
B36: Resources / Sprints | C36: res_Name, res_MaxUnits, res_Rate, ... spr_Name, spr_Start, spr_End, spr_Capacity, spr_Work
B37: Key formulas | C37: Planned Start = WORKDAY.INTL(MAX(ProjectStart, StartNoEarlierThan, predecessor drivers) - 1, 1, WorkWeek, Holidays). Pred driver (FS) = WORKDAY.INTL(OFFSET(hdr_PlanFinish, MATCH(PredID, tsk_ID, 0), 0), 1 + Lag, WorkWeek, Holidays). Summary Start = MIN of its descendant block (OFFSET from the row, height = Descendant Count via COUNTIF(tsk_WBS, WBS & ".*")).

Sheet Dashboard
A1: =ProjectName&" - Dashboard" -> Customer Portal Implementation - Dashboard
A2: ="Project manager: "&ProjectManager&" Status date: "&TEXT(StatusDate,"ddd dd-mmm-yyyy") -> Project manager: Priya Sharma Status date: Sun 25-Oct-2026
B4: Key indicator | C4: Value | E4: Status (detail tasks) | F4: Count
B5: Planned start | C5: =MIN(tsk_PlanStart) -> 46272 | E5: Complete | F5: =COUNTIFS(tsk_Status,E5,tsk_IsLeaf,1) -> 9
B6: Planned finish | C6: =MAX(tsk_PlanFinish) -> 46393 | E6: In Progress | F6: =COUNTIFS(tsk_Status,E6,tsk_IsLeaf,1) -> 0
B7: Forecast finish | C7: =MAX(tsk_FcFinish) -> 46393 | E7: Behind | F7: =COUNTIFS(tsk_Status,E7,tsk_IsLeaf,1) -> 2
B8: Finish variance (work days) | C8: =IF(MAX(tsk_FcFinish)>=MAX(tsk_PlanFinish),NETWORKDAYS.INTL(MAX(tsk_PlanFinish),MAX(tsk_FcFinish),WorkWeek,Holidays)-1,1-NETWORKDAYS.INTL(MAX(tsk_FcFinish),MAX(tsk_PlanFinish),WorkWeek,Holidays)) -> 0 | E8: Late Start | F8: =COUNTIFS(tsk_Status,E8,tsk_IsLeaf,1) -> 1
B9: Overall progress (duration-weighted) | C9: =IFERROR(SUM(tsk_WtDone)/SUM(tsk_WtDur),0) -> 0.43417085 | E9: Not Started | F9: =COUNTIFS(tsk_Status,E9,tsk_IsLeaf,1) -> 11
B10: Planned progress by status date | C10: =IFERROR(SUMPRODUCT(tsk_WtDur*(tsk_PlanFinish<StatusDate))/SUM(tsk_WtDur),0) -> 0.45427136
B11: Detail tasks | C11: =SUM(tsk_IsLeaf) -> 23
B12: Milestones | C12: =SUMPRODUCT(tsk_IsLeaf*(tsk_Duration=0)*(tsk_Name<>"")) -> 5
B13: Total work (hrs) | C13: =SUMPRODUCT(tsk_Work,tsk_IsLeaf) -> 720
B14: Total cost | C14: =SUMPRODUCT(tsk_Cost,tsk_IsLeaf) -> 58040
B15: Current sprint | C15: =IF(OR(StatusDate<Sprint1Start,StatusDate>SprintLastEnd),"(outside sprint range)",INDEX(spr_Name,MATCH(StatusDate,spr_Start,1))) -> Sprint 4
B17: Next milestones (forecast) | C17: Forecast date
B18: =IFERROR(INDEX(tsk_Name,MATCH(SMALL(tsk_MilestoneKey,1),tsk_MilestoneKey,0)),"") -> Build complete | C18: =IFERROR(INDEX(tsk_FcFinish,MATCH(SMALL(tsk_MilestoneKey,1),tsk_MilestoneKey,0)),"") -> 46335
B19: =IFERROR(INDEX(tsk_Name,MATCH(SMALL(tsk_MilestoneKey,2),tsk_MilestoneKey,0)),"") -> Go-live | C19: =IFERROR(INDEX(tsk_FcFinish,MATCH(SMALL(tsk_MilestoneKey,2),tsk_MilestoneKey,0)),"") -> 46371
B20: =IFERROR(INDEX(tsk_Name,MATCH(SMALL(tsk_MilestoneKey,3),tsk_MilestoneKey,0)),"") -> Project closed | C20: =IFERROR(INDEX(tsk_FcFinish,MATCH(SMALL(tsk_MilestoneKey,3),tsk_MilestoneKey,0)),"") -> 46393
B21: =IFERROR(INDEX(tsk_Name,MATCH(SMALL(tsk_MilestoneKey,4),tsk_MilestoneKey,0)),"") | C21: =IFERROR(INDEX(tsk_FcFinish,MATCH(SMALL(tsk_MilestoneKey,4),tsk_MilestoneKey,0)),"")
B22: =IFERROR(INDEX(tsk_Name,MATCH(SMALL(tsk_MilestoneKey,5),tsk_MilestoneKey,0)),"") | C22: =IFERROR(INDEX(tsk_FcFinish,MATCH(SMALL(tsk_MilestoneKey,5),tsk_MilestoneKey,0)),"")

Sheet Settings
A1: Project Settings
A2: Blue = edit me. Grey = calculated. Column D shows the named range every formula uses.
B4: Setting | C4: Value | D4: Named range | E4: Notes
B5: Project name | C5: Customer Portal Implementation | D5: ProjectName | E5: Shown on every sheet title.
B6: Project manager | C6: Priya Sharma | D6: ProjectManager
B7: Project start date | C7: 46272 | D7: ProjectStart | E7: Tasks without predecessors start here (moved to the next working day if needed).
B8: Status date override | D8: StatusDateOverride | E8: Leave blank to use TODAY(). Type a date to report progress 'as of' that day.
B9: Status date (in use) | C9: =IF(StatusDateOverride="",TODAY(),StatusDateOverride) -> 46320 | D9: StatusDate | E9: Drives Status, the red 'today' line on the Gantt and rescheduling of late work.
B10: First working day on/after status date | C10: =WORKDAY.INTL(StatusDate-1,1,WorkWeek,Holidays) -> 46321 | D10: StatusWorkday
B11: Reschedule incomplete work after status date? | C11: Yes | D11: RescheduleAfterStatus | E11: Yes = like MS Project 'move incomplete parts after status date': unstarted tasks can't start before the status date and in-progress tasks finish their remaining duration after it, pushing all successors.
B12: Working hours per day | C12: 8 | D12: HoursPerDay | E12: Work (hrs) = Duration x Hours/day x Units.
B13: Default assignment units | C13: 1 | D13: DefaultUnits | E13: Used when a task has a resource but Units is blank. 100% = full time.
B14: Monday is a working day | C14: Yes | D14: WorkMon | E14: Working-week calendar (Yes/No). Feeds every WORKDAY / NETWORKDAYS formula.
B15: Tuesday is a working day | C15: Yes | D15: WorkTue
B16: Wednesday is a working day | C16: Yes | D16: WorkWed
B17: Thursday is a working day | C17: Yes | D17: WorkThu
B18: Friday is a working day | C18: Yes | D18: WorkFri
B19: Saturday is a working day | C19: No | D19: WorkSat
B20: Sunday is a working day | C20: No | D20: WorkSun
B21: Weekend mask (calculated) | C21: =IF(WorkMon="Yes","0","1")&IF(WorkTue="Yes","0","1")&IF(WorkWed="Yes","0","1")&IF(WorkThu="Yes","0","1")&IF(WorkFri="Yes","0","1")&IF(WorkSat="Yes","0","1")&IF(WorkSun="Yes","0","1") -> 0000011 | D21: WorkWeek | E21: 7-character Mon..Sun string used by WORKDAY.INTL (1 = non-working).
B22: Gantt timeline start | C22: =ProjectStart-WEEKDAY(ProjectStart,3) -> 46272 | D22: GanttStart | E22: Defaults to the Monday of the project start week. Overwrite with any date to scroll the timeline.
B23: Gantt days per column | C23: 1 | D23: GanttPeriod | E23: 1 = daily timeline, 7 = weekly timeline (150 columns either way).
B24: Sprint 1 start date | C24: =ProjectStart -> 46272 | D24: Sprint1Start | E24: Defaults to the project start. Overwrite to align with your sprint calendar.
B25: Sprint length (calendar days) | C25: 14 | D25: SprintLength | E25: 14 = two-week sprints.
B26: Number of sprints | C26: 12 | D26: SprintCount | E26: Up to 26. Tasks outside the sprint range are labelled 'Backlog'.
B27: Sprint name prefix | C27: Sprint | D27: SprintPrefix | E27: Sprint names = prefix & number.
B28: Last sprint end (calculated) | C28: =INDEX(spr_End,SprintCount) -> 46439 | D28: SprintLastEnd

Sheet Tasks
A1: =ProjectName&" - Task Entry" -> Customer Portal Implementation - Task Entry
A2: Type in BLUE columns only. Level = outline level (1 = phase, 2 = task, 3 = sub-task). Planned dates come from Duration + Predecessors; Forecast dates also use Actuals, so slips ripple to every successor.
A4: IDENTITY | E4: SCHEDULING INPUTS | N4: PLAN / ACTUAL / FORECAST | U4: PROGRESS | X4: RESOURCES & SPRINT | AE4: HELPER COLUMNS (hidden - click + above to show)
A5: ID | B5: WBS | C5: Level | D5: Task Name | E5: Mode | F5: Duration (work days) | G5: Pred 1 ID | H5: Type 1 | I5: Lag 1 (days) | J5: Pred 2 ID | K5: Type 2 | L5: Lag 2 (days) | M5: Start No Earlier Than / Manual Start | N5: Planned Start | O5: Planned Finish | P5: Actual Start | Q5: Actual Finish | R5: Forecast Start | S5: Forecast Finish | T5: Finish Variance (work days) | U5: % Complete (enter) | V5: Progress % (rolled up) | W5: Status | X5: Resource | Y5: Units | Z5: Work (hrs) | AA5: Cost | AB5: Sprint | AC5: Predecessors (MSP format) | AD5: Notes | AE5: Lvl (effective) | AF5: Row Index | AG5: Parent Row | AH5: Descendant Count | AI5: Is Summary | AJ5: Is Leaf | AK5: Pred1 Plan Driver | AL5: Pred2 Plan Driver | AM5: Pred1 Fcst Driver | AN5: Pred2 Fcst Driver | AO5: Fcst Start # (leaf) | AP5: Fcst Finish # (leaf) | AQ5: Work per Cal Day | AR5: Weight Dur | AS5: Weight Done | AT5: Pred1 Text | AU5: Pred2 Text | AV5: Open Milestone Key
A6: =IF($D6="","",COUNTA($D$6:$D6)) -> 1 | B6: =IF($D6="","",IF($AE6=1,COUNTIF($AE$6:$AE6,1)&"",IF($AG6=0,"?",OFFSET(hdr_WBS,$AG6-ROW(hdr_WBS),0)&"."&COUNTIF(INDEX($AE:$AE,$AG6+1):$AE6,$AE6)))) -> 1 | C6: 1 | D6: Initiation | E6: Auto | N6: =IF($D6="","",IF($AI6,MIN(OFFSET(hdr_PlanStart,$AF6+1,0,$AH6,1)),IF($E6="Manual",IF(N($M6)>0,$M6,ProjectStart),WORKDAY.INTL(MAX(ProjectStart,N($M6),$AK6,$AL6)-1,1,WorkWeek,Holidays)))) -> 46272 | O6: =IF($D6="","",IF($AI6,MAX(OFFSET(hdr_PlanFinish,$AF6+1,0,$AH6,1)),IF(N($F6)<=0,$N6,WORKDAY.INTL($N6,$F6-1,WorkWeek,Holidays)))) -> 46276 | R6: =IF($D6="","",IF($AI6,MIN(OFFSET(hdr_FcStart,$AF6+1,0,$AH6,1)),IF(N($P6)>0,$P6,IF($E6="Manual",IF(N($M6)>0,$M6,ProjectStart),WORKDAY.INTL(MAX(ProjectStart,N($M6),$AM6,$AN6,IF(RescheduleAfterStatus="Yes",StatusDate,0))-1,1,WorkWeek,Holidays))))) -> 46272 | S6: =IF($D6="","",IF($AI6,MAX(OFFSET(hdr_FcFinish,$AF6+1,0,$AH6,1)),IF(N($Q6)>0,$Q6,IF(N($F6)<=0,$R6,IF(AND(N($P6)>0,RescheduleAfterStatus="Yes"),MAX(WORKDAY.INTL($R6,$F6-1,WorkWeek,Holidays),WORKDAY.INTL(StatusWorkday,MAX(0,ROUNDUP($F6*(1-MIN(1,N($U6))),0)-1),WorkWeek,Holidays)),WORKDAY.INTL($R6,$F6-1,WorkWeek,Holidays)))))) -> 46279 | T6: =IF($D6="","",IF($S6>=$O6,NETWORKDAYS.INTL($O6,$S6,WorkWeek,Holidays)-1,1-NETWORKDAYS.INTL($S6,$O6,WorkWeek,Holidays))) -> 1 | V6: =IF($D6="","",IF($AI6,IFERROR(SUM(OFFSET(hdr_WtDone,$AF6+1,0,$AH6,1))/SUM(OFFSET(hdr_WtDur,$AF6+1,0,$AH6,1)),0),IF(N($Q6)>0,1,MIN(1,N($U6))))) -> 1 | W6: =IF($D6="","",IF($V6>=1,"Complete",IF(OR(N($P6)>0,$V6>0),IF($T6>0,"Behind","In Progress"),IF($N6<StatusDate,"Late Start","Not Started")))) -> Complete | Z6: =IF($D6="","",IF($AI6,SUMPRODUCT(OFFSET(hdr_Work,$AF6+1,0,$AH6,1),OFFSET(hdr_IsLeaf,$AF6+1,0,$AH6,1)),IF($X6="",0,N($F6)*HoursPerDay*IF($Y6="",DefaultUnits,$Y6)))) -> 40 | AA6: =IF($D6="","",IF($AI6,SUMPRODUCT(OFFSET(hdr_Cost,$AF6+1,0,$AH6,1),OFFSET(hdr_IsLeaf,$AF6+1,0,$AH6,1)),$Z6*IFERROR(INDEX(res_Rate,MATCH($X6,res_Name,0)),0))) -> 3400 | AB6: =IF(OR($D6="",$AI6),"",IF(OR($R6<Sprint1Start,$R6>SprintLastEnd),"Backlog",INDEX(spr_Name,MATCH($R6,spr_Start,1)))) | AC6: =IF($D6="","",$AT6&IF(AND($AT6<>"",$AU6<>""),",","")&$AU6) | AD6: Phase 1 - summary rows roll up dates, work, cost and progress automatically. | AE6: =IF($D6="","",MAX(1,N($C6))) -> 1 | AF6: =ROW()-ROW(hdr_ID) -> 1 | AG6: =IF(OR($D6="",$AE6<=1),0,IFERROR(LOOKUP(2,1/($AE$5:$AE5=$AE6-1),ROW($AE$5:$AE5)),0)) -> 0 | AH6: =IF($D6="",0,COUNTIF(tsk_WBS,$B6&".*")) -> 3 | AI6: =$AH6>0 -> TRUE | AJ6: =IF(AND($D6<>"",NOT($AI6)),1,0) -> 0 | AK6: =IF(OR(N($G6)=0,$AI6,$D6=""),0,IFERROR(CHOOSE(MATCH(IF($H6="","FS",$H6),{"FS","SS","FF","SF"},0),WORKDAY.INTL(OFFSET(hdr_PlanFinish,MATCH($G6,tsk_ID,0),0),IF(N($F6)=0,0,1)+N($I6),WorkWeek,Holidays),WORKDAY.INTL(OFFSET(hdr_PlanStart,MATCH($G6,tsk_ID,0),0),N($I6),WorkWeek,Holidays),WORKDAY.INTL(WORKDAY.INTL(OFFSET(hdr_PlanFinish,MATCH($G6,tsk_ID,0),0),N($I6),WorkWeek,Holidays),-MAX(0,N($F6)-1),WorkWeek,Holidays),WORKDAY.INTL(WORKDAY.INTL(OFFSET(hdr_PlanStart,MATCH($G6,tsk_ID,0),0),N($I6),WorkWeek,Holidays),-MAX(0,N($F6)-1),WorkWeek,Holidays)),0)) -> 0 | AL6: =IF(OR(N($J6)=0,$AI6,$D6=""),0,IFERROR(CHOOSE(MATCH(IF($K6="","FS",$K6),{"FS","SS","FF","SF"},0),WORKDAY.INTL(OFFSET(hdr_PlanFinish,MATCH($J6,tsk_ID,0),0),IF(N($F6)=0,0,1)+N($L6),WorkWeek,Holidays),WORKDAY.INTL(OFFSET(hdr_PlanStart,MATCH($J6,tsk_ID,0),0),N($L6),WorkWeek,Holidays),WORKDAY.INTL(WORKDAY.INTL(OFFSET(hdr_PlanFinish,MATCH($J6,tsk_ID,0),0),N($L6),WorkWeek,Holidays),-MAX(0,N($F6)-1),WorkWeek,Holidays),WORKDAY.INTL(WORKDAY.INTL(OFFSET(hdr_PlanStart,MATCH($J6,tsk_ID,0),0),N($L6),WorkWeek,Holidays),-MAX(0,N($F6)-1),WorkWeek,Holidays)),0)) -> 0 | AM6: =IF(OR(N($G6)=0,$AI6,$D6=""),0,IFERROR(CHOOSE(MATCH(IF($H6="","FS",$H6),{"FS","SS","FF","SF"},0),WORKDAY.INTL(OFFSET(hdr_FcFinish,MATCH($G6,tsk_ID,0),0),IF(N($F6)=0,0,1)+N($I6),WorkWeek,Holidays),WORKDAY.INTL(OFFSET(hdr_FcStart,MATCH($G6,tsk_ID,0),0),N($I6),WorkWeek,Holidays),WORKDAY.INTL(WORKDAY.INTL(OFFSET(hdr_FcFinish,MATCH($G6,tsk_ID,0),0),N($I6),WorkWeek,Holidays),-MAX(0,N($F6)-1),WorkWeek,Holidays),WORKDAY.INTL(WORKDAY.INTL(OFFSET(hdr_FcStart,MATCH($G6,tsk_ID,0),0),N($I6),WorkWeek,Holidays),-MAX(0,N($F6)-1),WorkWeek,Holidays)),0)) -> 0 | AN6: =IF(OR(N($J6)=0,$AI6,$D6=""),0,IFERROR(CHOOSE(MATCH(IF($K6="","FS",$K6),{"FS","SS","FF","SF"},0),WORKDAY.INTL(OFFSET(hdr_FcFinish,MATCH($J6,tsk_ID,0),0),IF(N($F6)=0,0,1)+N($L6),WorkWeek,Holidays),WORKDAY.INTL(OFFSET(hdr_FcStart,MATCH($J6,tsk_ID,0),0),N($L6),WorkWeek,Holidays),WORKDAY.INTL(WORKDAY.INTL(OFFSET(hdr_FcFinish,MATCH($J6,tsk_ID,0),0),N($L6),WorkWeek,Holidays),-MAX(0,N($F6)-1),WorkWeek,Holidays),WORKDAY.INTL(WORKDAY.INTL(OFFSET(hdr_FcStart,MATCH($J6,tsk_ID,0),0),N($L6),WorkWeek,Holidays),-MAX(0,N($F6)-1),WorkWeek,Holidays)),0)) -> 0 | AO6: =IF($AJ6=1,$R6,0) -> 0 | AP6: =IF($AJ6=1,$S6,0) -> 0 | AQ6: =IF(AND($AJ6=1,N($Z6)>0),$Z6/($AP6-$AO6+1),0) -> 0 | AR6: =IF($AJ6=1,MAX(N($F6),0.1),0) -> 0 | AS6: =IF($AJ6=1,$AR6*$V6,0) -> 0 | AT6: =IF(N($G6)=0,"",$G6&IF(AND(IF($H6="","FS",$H6)="FS",N($I6)=0),"",IF($H6="","FS",$H6)&IF(N($I6)=0,"",IF(N($I6)>0,"+","")&N($I6)&"d"))) | AU6: =IF(N($J6)=0,"",$J6&IF(AND(IF($K6="","FS",$K6)="FS",N($L6)=0),"",IF($K6="","FS",$K6)&IF(N($L6)=0,"",IF(N($L6)>0,"+","")&N($L6)&"d"))) | AV6: =IF(AND($AJ6=1,N($F6)=0,$V6<1),$S6+$AF6/100000,"")
A7: =IF($D7="","",COUNTA($D$6:$D7)) -> 2 | B7: =IF($D7="","",IF($AE7=1,COUNTIF($AE$6:$AE7,1)&"",IF($AG7=0,"?",OFFSET(hdr_WBS,$AG7-ROW(hdr_WBS),0)&"."&COUNTIF(INDEX($AE:$AE,$AG7+1):$AE7,$AE7)))) -> 1.1 | C7: 2 | D7: Project charter & scope statement | E7: Auto | F7: 3 | N7: =IF($D7="","",IF($AI7,MIN(OFFSET(hdr_PlanStart,$AF7+1,0,$AH7,1)),IF($E7="Manual",IF(N($M7)>0,$M7,ProjectStart),WORKDAY.INTL(MAX(ProjectStart,N($M7),$AK7,$AL7)-1,1,WorkWeek,Holidays)))) -> 46272 | O7: =IF($D7="","",IF($AI7,MAX(OFFSET(hdr_PlanFinish,$AF7+1,0,$AH7,1)),IF(N($F7)<=0,$N7,WORKDAY.INTL($N7,$F7-1,WorkWeek,Holidays)))) -> 46274 | P7: 46272 | Q7: 46275 | R7: =IF($D7="","",IF($AI7,MIN(OFFSET(hdr_FcStart,$AF7+1,0,$AH7,1)),IF(N($P7)>0,$P7,IF($E7="Manual",IF(N($M7)>0,$M7,ProjectStart),WORKDAY.INTL(MAX(ProjectStart,N($M7),$AM7,$AN7,IF(RescheduleAfterStatus="Yes",StatusDate,0))-1,1,WorkWeek,Holidays))))) -> 46272 | S7: =IF($D7="","",IF($AI7,MAX(OFFSET(hdr_FcFinish,$AF7+1,0,$AH7,1)),IF(N($Q7)>0,$Q7,IF(N($F7)<=0,$R7,IF(AND(N($P7)>0,RescheduleAfterStatus="Yes"),MAX(WORKDAY.INTL($R7,$F7-1,WorkWeek,Holidays),WORKDAY.INTL(StatusWorkday,MAX(0,ROUNDUP($F7*(1-MIN(1,N($U7))),0)-1),WorkWeek,Holidays)),WORKDAY.INTL($R7,$F7-1,WorkWeek,Holidays)))))) -> 46275 | T7: =IF($D7="","",IF($S7>=$O7,NETWORKDAYS.INTL($O7,$S7,WorkWeek,Holidays)-1,1-NETWORKDAYS.INTL($S7,$O7,WorkWeek,Holidays))) -> 1 | U7: 1 | V7: =IF($D7="","",IF($AI7,IFERROR(SUM(OFFSET(hdr_WtDone,$AF7+1,0,$AH7,1))/SUM(OFFSET(hdr_WtDur,$AF7+1,0,$AH7,1)),0),IF(N($Q7)>0,1,MIN(1,N($U7))))) -> 1 | W7: =IF($D7="","",IF($V7>=1,"Complete",IF(OR(N($P7)>0,$V7>0),IF($T7>0,"Behind","In Progress"),IF($N7<StatusDate,"Late Start","Not Started")))) -> Complete | X7: Priya Sharma | Z7: =IF($D7="","",IF($AI7,SUMPRODUCT(OFFSET(hdr_Work,$AF7+1,0,$AH7,1),OFFSET(hdr_IsLeaf,$AF7+1,0,$AH7,1)),IF($X7="",0,N($F7)*HoursPerDay*IF($Y7="",DefaultUnits,$Y7)))) -> 24 | AA7: =IF($D7="","",IF($AI7,SUMPRODUCT(OFFSET(hdr_Cost,$AF7+1,0,$AH7,1),OFFSET(hdr_IsLeaf,$AF7+1,0,$AH7,1)),$Z7*IFERROR(INDEX(res_Rate,MATCH($X7,res_Name,0)),0))) -> 2280 | AB7: =IF(OR($D7="",$AI7),"",IF(OR($R7<Sprint1Start,$R7>SprintLastEnd),"Backlog",INDEX(spr_Name,MATCH($R7,spr_Start,1)))) -> Sprint 1 | AC7: =IF($D7="","",$AT7&IF(AND($AT7<>"",$AU7<>""),",","")&$AU7) | AD7: Took 1 extra day for sponsor sign-off. | AE7: =IF($D7="","",MAX(1,N($C7))) -> 2 | AF7: =ROW()-ROW(hdr_ID) -> 2 | AG7: =IF(OR($D7="",$AE7<=1),0,IFERROR(LOOKUP(2,1/($AE$5:$AE6=$AE7-1),ROW($AE$5:$AE6)),0)) -> 6 | AH7: =IF($D7="",0,COUNTIF(tsk_WBS,$B7&".*")) -> 0 | AI7: =$AH7>0 -> FALSE | AJ7: =IF(AND($D7<>"",NOT($AI7)),1,0) -> 1 | AK7: =IF(OR(N($G7)=0,$AI7,$D7=""),0,IFERROR(CHOOSE(MATCH(IF($H7="","FS",$H7),{"FS","SS","FF","SF"},0),WORKDAY.INTL(OFFSET(hdr_PlanFinish,MATCH($G7,tsk_ID,0),0),IF(N($F7)=0,0,1)+N($I7),WorkWeek,Holidays),WORKDAY.INTL(OFFSET(hdr_PlanStart,MATCH($G7,tsk_ID,0),0),N($I7),WorkWeek,Holidays),WORKDAY.INTL(WORKDAY.INTL(OFFSET(hdr_PlanFinish,MATCH($G7,tsk_ID,0),0),N($I7),WorkWeek,Holidays),-MAX(0,N($F7)-1),WorkWeek,Holidays),WORKDAY.INTL(WORKDAY.INTL(OFFSET(hdr_PlanStart,MATCH($G7,tsk_ID,0),0),N($I7),WorkWeek,Holidays),-MAX(0,N($F7)-1),WorkWeek,Holidays)),0)) -> 0 | AL7: =IF(OR(N($J7)=0,$AI7,$D7=""),0,IFERROR(CHOOSE(MATCH(IF($K7="","FS",$K7),{"FS","SS","FF","SF"},0),WORKDAY.INTL(OFFSET(hdr_PlanFinish,MATCH($J7,tsk_ID,0),0),IF(N($F7)=0,0,1)+N($L7),WorkWeek,Holidays),WORKDAY.INTL(OFFSET(hdr_PlanStart,MATCH($J7,tsk_ID,0),0),N($L7),WorkWeek,Holidays),WORKDAY.INTL(WORKDAY.INTL(OFFSET(hdr_PlanFinish,MATCH($J7,tsk_ID,0),0),N($L7),WorkWeek,Holidays),-MAX(0,N($F7)-1),WorkWeek,Holidays),WORKDAY.INTL(WORKDAY.INTL(OFFSET(hdr_PlanStart,MATCH($J7,tsk_ID,0),0),N($L7),WorkWeek,Holidays),-MAX(0,N($F7)-1),WorkWeek,Holidays)),0)) -> 0 | AM7: =IF(OR(N($G7)=0,$AI7,$D7=""),0,IFERROR(CHOOSE(MATCH(IF($H7="","FS",$H7),{"FS","SS","FF","SF"},0),WORKDAY.INTL(OFFSET(hdr_FcFinish,MATCH($G7,tsk_ID,0),0),IF(N($F7)=0,0,1)+N($I7),WorkWeek,Holidays),WORKDAY.INTL(OFFSET(hdr_FcStart,MATCH($G7,tsk_ID,0),0),N($I7),WorkWeek,Holidays),WORKDAY.INTL(WORKDAY.INTL(OFFSET(hdr_FcFinish,MATCH($G7,tsk_ID,0),0),N($I7),WorkWeek,Holidays),-MAX(0,N($F7)-1),WorkWeek,Holidays),WORKDAY.INTL(WORKDAY.INTL(OFFSET(hdr_FcStart,MATCH($G7,tsk_ID,0),0),N($I7),WorkWeek,Holidays),-MAX(0,N($F7)-1),WorkWeek,Holidays)),0)) -> 0 | AN7: =IF(OR(N($J7)=0,$AI7,$D7=""),0,IFERROR(CHOOSE(MATCH(IF($K7="","FS",$K7),{"FS","SS","FF","SF"},0),WORKDAY.INTL(OFFSET(hdr_FcFinish,MATCH($J7,tsk_ID,0),0),IF(N($F7)=0,0,1)+N($L7),WorkWeek,Holidays),WORKDAY.INTL(OFFSET(hdr_FcStart,MATCH($J7,tsk_ID,0),0),N($L7),WorkWeek,Holidays),WORKDAY.INTL(WORKDAY.INTL(OFFSET(hdr_FcFinish,MATCH($J7,tsk_ID,0),0),N($L7),WorkWeek,Holidays),-MAX(0,N($F7)-1),WorkWeek,Holidays),WORKDAY.INTL(WORKDAY.INTL(OFFSET(hdr_FcStart,MATCH($J7,tsk_ID,0),0),N($L7),WorkWeek,Holidays),-MAX(0,N($F7)-1),WorkWeek,Holidays)),0)) -> 0 | AO7: =IF($AJ7=1,$R7,0) -> 46272 | AP7: =IF($AJ7=1,$S7,0) -> 46275 | AQ7: =IF(AND($AJ7=1,N($Z7)>0),$Z7/($AP7-$AO7+1),0) -> 6 | AR7: =IF($AJ7=1,MAX(N($F7),0.1),0) -> 3 | AS7: =IF($AJ7=1,$AR7*$V7,0) -> 3 | AT7: =IF(N($G7)=0,"",$G7&IF(AND(IF($H7="","FS",$H7)="FS",N($I7)=0),"",IF($H7="","FS",$H7)&IF(N($I7)=0,"",IF(N($I7)>0,"+","")&N($I7)&"d"))) | AU7: =IF(N($J7)=0,"",$J7&IF(AND(IF($K7="","FS",$K7)="FS",N($L7)=0),"",IF($K7="","FS",$K7)&IF(N($L7)=0,"",IF(N($L7)>0,"+","")&N($L7)&"d"))) | AV7: =IF(AND($AJ7=1,N($F7)=0,$V7<1),$S7+$AF7/100000,"")
A8: =IF($D8="","",COUNTA($D$6:$D8)) -> 3 | B8: =IF($D8="","",IF($AE8=1,COUNTIF($AE$6:$AE8,1)&"",IF($AG8=0,"?",OFFSET(hdr_WBS,$AG8-ROW(hdr_WBS),0)&"."&COUNTIF(INDEX($AE:$AE,$AG8+1):$AE8,$AE8)))) -> 1.2 | C8: 2 | D8: Stakeholder kickoff workshop | E8: Auto | F8: 2 | G8: 2 | H8: FS | N8: =IF($D8="","",IF($AI8,MIN(OFFSET(hdr_PlanStart,$AF8+1,0,$AH8,1)),IF($E8="Manual",IF(N($M8)>0,$M8,ProjectStart),WORKDAY.INTL(MAX(ProjectStart,N($M8),$AK8,$AL8)-1,1,WorkWeek,Holidays)))) -> 46275 | O8: =IF($D8="","",IF($AI8,MAX(OFFSET(hdr_PlanFinish,$AF8+1,0,$AH8,1)),IF(N($F8)<=0,$N8,WORKDAY.INTL($N8,$F8-1,WorkWeek,Holidays)))) -> 46276 | P8: 46276 | Q8: 46279 | R8: =IF($D8="","",IF($AI8,MIN(OFFSET(hdr_FcStart,$AF8+1,0,$AH8,1)),IF(N($P8)>0,$P8,IF($E8="Manual",IF(N($M8)>0,$M8,ProjectStart),WORKDAY.INTL(MAX(ProjectStart,N($M8),$AM8,$AN8,IF(RescheduleAfterStatus="Yes",StatusDate,0))-1,1,WorkWeek,Holidays))))) -> 46276 | S8: =IF($D8="","",IF($AI8,MAX(OFFSET(hdr_FcFinish,$AF8+1,0,$AH8,1)),IF(N($Q8)>0,$Q8,IF(N($F8)<=0,$R8,IF(AND(N($P8)>0,RescheduleAfterStatus="Yes"),MAX(WORKDAY.INTL($R8,$F8-1,WorkWeek,Holidays),WORKDAY.INTL(StatusWorkday,MAX(0,ROUNDUP($F8*(1-MIN(1,N($U8))),0)-1),WorkWeek,Holidays)),WORKDAY.INTL($R8,$F8-1,WorkWeek,Holidays)))))) -> 46279 | T8: =IF($D8="","",IF($S8>=$O8,NETWORKDAYS.INTL($O8,$S8,WorkWeek,Holidays)-1,1-NETWORKDAYS.INTL($S8,$O8,WorkWeek,Holidays))) -> 1 | U8: 1 | V8: =IF($D8="","",IF($AI8,IFERROR(SUM(OFFSET(hdr_WtDone,$AF8+1,0,$AH8,1))/SUM(OFFSET(hdr_WtDur,$AF8+1,0,$AH8,1)),0),IF(N($Q8)>0,1,MIN(1,N($U8))))) -> 1 | W8: =IF($D8="","",IF($V8>=1,"Complete",IF(OR(N($P8)>0,$V8>0),IF($T8>0,"Behind","In Progress"),IF($N8<StatusDate,"Late Start","Not Started")))) -> Complete | X8: Morgan Patel | Z8: =IF($D8="","",IF($AI8,SUMPRODUCT(OFFSET(hdr_Work,$AF8+1,0,$AH8,1),OFFSET(hdr_IsLeaf,$AF8+1,0,$AH8,1)),IF($X8="",0,N($F8)*HoursPerDay*IF($Y8="",DefaultUnits,$Y8)))) -> 16 | AA8: =IF($D8="","",IF($AI8,SUMPRODUCT(OFFSET(hdr_Cost,$AF8+1,0,$AH8,1),OFFSET(hdr_IsLeaf,$AF8+1,0,$AH8,1)),$Z8*IFERROR(INDEX(res_Rate,MATCH($X8,res_Name,0)),0))) -> 1120 | AB8: =IF(OR($D8="",$AI8),"",IF(OR($R8<Sprint1Start,$R8>SprintLastEnd),"Backlog",INDEX(spr_Name,MATCH($R8,spr_Start,1)))) -> Sprint 1 | AC8: =IF($D8="","",$AT8&IF(AND($AT8<>"",$AU8<>""),",","")&$AU8) -> 2 | AE8: =IF($D8="","",MAX(1,N($C8))) -> 2 | AF8: =ROW()-ROW(hdr_ID) -> 3 | AG8: =IF(OR($D8="",$AE8<=1),0,IFERROR(LOOKUP(2,1/($AE$5:$AE7=$AE8-1),ROW($AE$5:$AE7)),0)) -> 6 | AH8: =IF($D8="",0,COUNTIF(tsk_WBS,$B8&".*")) -> 0 | AI8: =$AH8>0 -> FALSE | AJ8: =IF(AND($D8<>"",NOT($AI8)),1,0) -> 1 | AK8: =IF(OR(N($G8)=0,$AI8,$D8=""),0,IFERROR(CHOOSE(MATCH(IF($H8="","FS",$H8),{"FS","SS","FF","SF"},0),WORKDAY.INTL(OFFSET(hdr_PlanFinish,MATCH($G8,tsk_ID,0),0),IF(N($F8)=0,0,1)+N($I8),WorkWeek,Holidays),WORKDAY.INTL(OFFSET(hdr_PlanStart,MATCH($G8,tsk_ID,0),0),N($I8),WorkWeek,Holidays),WORKDAY.INTL(WORKDAY.INTL(OFFSET(hdr_PlanFinish,MATCH($G8,tsk_ID,0),0),N($I8),WorkWeek,Holidays),-MAX(0,N($F8)-1),WorkWeek,Holidays),WORKDAY.INTL(WORKDAY.INTL(OFFSET(hdr_PlanStart,MATCH($G8,tsk_ID,0),0),N($I8),WorkWeek,Holidays),-MAX(0,N($F8)-1),WorkWeek,Holidays)),0)) -> 46275 | AL8: =IF(OR(N($J8)=0,$AI8,$D8=""),0,IFERROR(CHOOSE(MATCH(IF($K8="","FS",$K8),{"FS","SS","FF","SF"},0),WORKDAY.INTL(OFFSET(hdr_PlanFinish,MATCH($J8,tsk_ID,0),0),IF(N($F8)=0,0,1)+N($L8),WorkWeek,Holidays),WORKDAY.INTL(OFFSET(hdr_PlanStart,MATCH($J8,tsk_ID,0),0),N($L8),WorkWeek,Holidays),WORKDAY.INTL(WORKDAY.INTL(OFFSET(hdr_PlanFinish,MATCH($J8,tsk_ID,0),0),N($L8),WorkWeek,Holidays),-MAX(0,N($F8)-1),WorkWeek,Holidays),WORKDAY.INTL(WORKDAY.INTL(OFFSET(hdr_PlanStart,MATCH($J8,tsk_ID,0),0),N($L8),WorkWeek,Holidays),-MAX(0,N($F8)-1),WorkWeek,Holidays)),0)) -> 0 | AM8: =IF(OR(N($G8)=0,$AI8,$D8=""),0,IFERROR(CHOOSE(MATCH(IF($H8="","FS",$H8),{"FS","SS","FF","SF"},0),WORKDAY.INTL(OFFSET(hdr_FcFinish,MATCH($G8,tsk_ID,0),0),IF(N($F8)=0,0,1)+N($I8),WorkWeek,Holidays),WORKDAY.INTL(OFFSET(hdr_FcStart,MATCH($G8,tsk_ID,0),0),N($I8),WorkWeek,Holidays),WORKDAY.INTL(WORKDAY.INTL(OFFSET(hdr_FcFinish,MATCH($G8,tsk_ID,0),0),N($I8),WorkWeek,Holidays),-MAX(0,N($F8)-1),WorkWeek,Holidays),WORKDAY.INTL(WORKDAY.INTL(OFFSET(hdr_FcStart,MATCH($G8,tsk_ID,0),0),N($I8),WorkWeek,Holidays),-MAX(0,N($F8)-1),WorkWeek,Holidays)),0)) -> 46276 | AN8: =IF(OR(N($J8)=0,$AI8,$D8=""),0,IFERROR(CHOOSE(MATCH(IF($K8="","FS",$K8),{"FS","SS","FF","SF"},0),WORKDAY.INTL(OFFSET(hdr_FcFinish,MATCH($J8,tsk_ID,0),0),IF(N($F8)=0,0,1)+N($L8),WorkWeek,Holidays),WORKDAY.INTL(OFFSET(hdr_FcStart,MATCH($J8,tsk_ID,0),0),N($L8),WorkWeek,Holidays),WORKDAY.INTL(WORKDAY.INTL(OFFSET(hdr_FcFinish,MATCH($J8,tsk_ID,0),0),N($L8),WorkWeek,Holidays),-MAX(0,N($F8)-1),WorkWeek,Holidays),WORKDAY.INTL(WORKDAY.INTL(OFFSET(hdr_FcStart,MATCH($J8,tsk_ID,0),0),N($L8),WorkWeek,Holidays),-MAX(0,N($F8)-1),WorkWeek,Holidays)),0)) -> 0 | AO8: =IF($AJ8=1,$R8,0) -> 46276 | AP8: =IF($AJ8=1,$S8,0) -> 46279 | AQ8: =IF(AND($AJ8=1,N($Z8)>0),$Z8/($AP8-$AO8+1),0) -> 4 | AR8: =IF($AJ8=1,MAX(N($F8),0.1),0) -> 2 | AS8: =IF($AJ8=1,$AR8*$V8,0) -> 2 | AT8: =IF(N($G8)=0,"",$G8&IF(AND(IF($H8="","FS",$H8)="FS",N($I8)=0),"",IF($H8="","FS",$H8)&IF(N($I8)=0,"",IF(N($I8)>0,"+","")&N($I8)&"d"))) -> 2 | AU8: =IF(N($J8)=0,"",$J8&IF(AND(IF($K8="","FS",$K8)="FS",N($L8)=0),"",IF($K8="","FS",$K8)&IF(N($L8)=0,"",IF(N($L8)>0,"+","")&N($L8)&"d"))) | AV8: =IF(AND($AJ8=1,N($F8)=0,$V8<1),$S8+$AF8/100000,"")
A9: =IF($D9="","",COUNTA($D$6:$D9)) -> 4 | B9: =IF($D9="","",IF($AE9=1,COUNTIF($AE$6:$AE9,1)&"",IF($AG9=0,"?",OFFSET(hdr_WBS,$AG9-ROW(hdr_WBS),0)&"."&COUNTIF(INDEX($AE:$AE,$AG9+1):$AE9,$AE9)))) -> 1.3 | C9: 2 | D9: Kickoff complete | E9: Auto | F9: 0 | G9: 3 | H9: FS | N9: =IF($D9="","",IF($AI9,MIN(OFFSET(hdr_PlanStart,$AF9+1,0,$AH9,1)),IF($E9="Manual",IF(N($M9)>0,$M9,ProjectStart),WORKDAY.INTL(MAX(ProjectStart,N($M9),$AK9,$AL9)-1,1,WorkWeek,Holidays)))) -> 46276 | O9: =IF($D9="","",IF($AI9,MAX(OFFSET(hdr_PlanFinish,$AF9+1,0,$AH9,1)),IF(N($F9)<=0,$N9,WORKDAY.INTL($N9,$F9-1,WorkWeek,Holidays)))) -> 46276 | P9: 46279 | Q9: 46279 | R9: =IF($D9="","",IF($AI9,MIN(OFFSET(hdr_FcStart,$AF9+1,0,$AH9,1)),IF(N($P9)>0,$P9,IF($E9="Manual",IF(N($M9)>0,$M9,ProjectStart),WORKDAY.INTL(MAX(ProjectStart,N($M9),$AM9,$AN9,IF(RescheduleAfterStatus="Yes",StatusDate,0))-1,1,WorkWeek,Holidays))))) -> 46279 | S9: =IF($D9="","",IF($AI9,MAX(OFFSET(hdr_FcFinish,$AF9+1,0,$AH9,1)),IF(N($Q9)>0,$Q9,IF(N($F9)<=0,$R9,IF(AND(N($P9)>0,RescheduleAfterStatus="Yes"),MAX(WORKDAY.INTL($R9,$F9-1,WorkWeek,Holidays),WORKDAY.INTL(StatusWorkday,MAX(0,ROUNDUP($F9*(1-MIN(1,N($U9))),0)-1),WorkWeek,Holidays)),WORKDAY.INTL($R9,$F9-1,WorkWeek,Holidays)))))) -> 46279 | T9: =IF($D9="","",IF($S9>=$O9,NETWORKDAYS.INTL($O9,$S9,WorkWeek,Holidays)-1,1-NETWORKDAYS.INTL($S9,$O9,WorkWeek,Holidays))) -> 1 | U9: 1 | V9: =IF($D9="","",IF($AI9,IFERROR(SUM(OFFSET(hdr_WtDone,$AF9+1,0,$AH9,1))/SUM(OFFSET(hdr_WtDur,$AF9+1,0,$AH9,1)),0),IF(N($Q9)>0,1,MIN(1,N($U9))))) -> 1 | W9: =IF($D9="","",IF($V9>=1,"Complete",IF(OR(N($P9)>0,$V9>0),IF($T9>0,"Behind","In Progress"),IF($N9<StatusDate,"Late Start","Not Started")))) -> Complete | Z9: =IF($D9="","",IF($AI9,SUMPRODUCT(OFFSET(hdr_Work,$AF9+1,0,$AH9,1),OFFSET(hdr_IsLeaf,$AF9+1,0,$AH9,1)),IF($X9="",0,N($F9)*HoursPerDay*IF($Y9="",DefaultUnits,$Y9)))) -> 0 | AA9: =IF($D9="","",IF($AI9,SUMPRODUCT(OFFSET(hdr_Cost,$AF9+1,0,$AH9,1),OFFSET(hdr_IsLeaf,$AF9+1,0,$AH9,1)),$Z9*IFERROR(INDEX(res_Rate,MATCH($X9,res_Name,0)),0))) -> 0 | AB9: =IF(OR($D9="",$AI9),"",IF(OR($R9<Sprint1Start,$R9>SprintLastEnd),"Backlog",INDEX(spr_Name,MATCH($R9,spr_Start,1)))) -> Sprint 1 | AC9: =IF($D9="","",$AT9&IF(AND($AT9<>"",$AU9<>""),",","")&$AU9) -> 3 | AD9: Milestone (Duration 0). | AE9: =IF($D9="","",MAX(1,N($C9))) -> 2 | AF9: =ROW()-ROW(hdr_ID) -> 4 | AG9: =IF(OR($D9="",$AE9<=1),0,IFERROR(LOOKUP(2,1/($AE$5:$AE8=$AE9-1),ROW($AE$5:$AE8)),0)) -> 6 | AH9: =IF($D9="",0,COUNTIF(tsk_WBS,$B9&".*")) -> 0 | AI9: =$AH9>0 -> FALSE | AJ9: =IF(AND($D9<>"",NOT($AI9)),1,0) -> 1 | AK9: =IF(OR(N($G9)=0,$AI9,$D9=""),0,IFERROR(CHOOSE(MATCH(IF($H9="","FS",$H9),{"FS","SS","FF","SF"},0),WORKDAY.INTL(OFFSET(hdr_PlanFinish,MATCH($G9,tsk_ID,0),0),IF(N($F9)=0,0,1)+N($I9),WorkWeek,Holidays),WORKDAY.INTL(OFFSET(hdr_PlanStart,MATCH($G9,tsk_ID,0),0),N($I9),WorkWeek,Holidays),WORKDAY.INTL(WORKDAY.INTL(OFFSET(hdr_PlanFinish,MATCH($G9,tsk_ID,0),0),N($I9),WorkWeek,Holidays),-MAX(0,N($F9)-1),WorkWeek,Holidays),WORKDAY.INTL(WORKDAY.INTL(OFFSET(hdr_PlanStart,MATCH($G9,tsk_ID,0),0),N($I9),WorkWeek,Holidays),-MAX(0,N($F9)-1),WorkWeek,Holidays)),0)) -> 46276 | AL9: =IF(OR(N($J9)=0,$AI9,$D9=""),0,IFERROR(CHOOSE(MATCH(IF($K9="","FS",$K9),{"FS","SS","FF","SF"},0),WORKDAY.INTL(OFFSET(hdr_PlanFinish,MATCH($J9,tsk_ID,0),0),IF(N($F9)=0,0,1)+N($L9),WorkWeek,Holidays),WORKDAY.INTL(OFFSET(hdr_PlanStart,MATCH($J9,tsk_ID,0),0),N($L9),WorkWeek,Holidays),WORKDAY.INTL(WORKDAY.INTL(OFFSET(hdr_PlanFinish,MATCH($J9,tsk_ID,0),0),N($L9),WorkWeek,Holidays),-MAX(0,N($F9)-1),WorkWeek,Holidays),WORKDAY.INTL(WORKDAY.INTL(OFFSET(hdr_PlanStart,MATCH($J9,tsk_ID,0),0),N($L9),WorkWeek,Holidays),-MAX(0,N($F9)-1),WorkWeek,Holidays)),0)) -> 0 | AM9: =IF(OR(N($G9)=0,$AI9,$D9=""),0,IFERROR(CHOOSE(MATCH(IF($H9="","FS",$H9),{"FS","SS","FF","SF"},0),WORKDAY.INTL(OFFSET(hdr_FcFinish,MATCH($G9,tsk_ID,0),0),IF(N($F9)=0,0,1)+N($I9),WorkWeek,Holidays),WORKDAY.INTL(OFFSET(hdr_FcStart,MATCH($G9,tsk_ID,0),0),N($I9),WorkWeek,Holidays),WORKDAY.INTL(WORKDAY.INTL(OFFSET(hdr_FcFinish,MATCH($G9,tsk_ID,0),0),N($I9),WorkWeek,Holidays),-MAX(0,N($F9)-1),WorkWeek,Holidays),WORKDAY.INTL(WORKDAY.INTL(OFFSET(hdr_FcStart,MATCH($G9,tsk_ID,0),0),N($I9),WorkWeek,Holidays),-MAX(0,N($F9)-1),WorkWeek,Holidays)),0)) -> 46279 | AN9: =IF(OR(N($J9)=0,$AI9,$D9=""),0,IFERROR(CHOOSE(MATCH(IF($K9="","FS",$K9),{"FS","SS","FF","SF"},0),WORKDAY.INTL(OFFSET(hdr_FcFinish,MATCH($J9,tsk_ID,0),0),IF(N($F9)=0,0,1)+N($L9),WorkWeek,Holidays),WORKDAY.INTL(OFFSET(hdr_FcStart,MATCH($J9,tsk_ID,0),0),N($L9),WorkWeek,Holidays),WORKDAY.INTL(WORKDAY.INTL(OFFSET(hdr_FcFinish,MATCH($J9,tsk_ID,0),0),N($L9),WorkWeek,Holidays),-MAX(0,N($F9)-1),WorkWeek,Holidays),WORKDAY.INTL(WORKDAY.INTL(OFFSET(hdr_FcStart,MATCH($J9,tsk_ID,0),0),N($L9),WorkWeek,Holidays),-MAX(0,N($F9)-1),WorkWeek,Holidays)),0)) -> 0 | AO9: =IF($AJ9=1,$R9,0) -> 46279 | AP9: =IF($AJ9=1,$S9,0) -> 46279 | AQ9: =IF(AND($AJ9=1,N($Z9)>0),$Z9/($AP9-$AO9+1),0) -> 0 | AR9: =IF($AJ9=1,MAX(N($F9),0.1),0) -> 0.1 | AS9: =IF($AJ9=1,$AR9*$V9,0) -> 0.1 | AT9: =IF(N($G9)=0,"",$G9&IF(AND(IF($H9="","FS",$H9)="FS",N($I9)=0),"",IF($H9="","FS",$H9)&IF(N($I9)=0,"",IF(N($I9)>0,"+","")&N($I9)&"d"))) -> 3 | AU9: =IF(N($J9)=0,"",$J9&IF(AND(IF($K9="","FS",$K9)="FS",N($L9)=0),"",IF($K9="","FS",$K9)&IF(N($L9)=0,"",IF(N($L9)>0,"+","")&N($L9)&"d"))) | AV9: =IF(AND($AJ9=1,N($F9)=0,$V9<1),$S9+$AF9/100000,"")
A10: =IF($D10="","",COUNTA($D$6:$D10)) -> 5 | B10: =IF($D10="","",IF($AE10=1,COUNTIF($AE$6:$AE10,1)&"",IF($AG10=0,"?",OFFSET(hdr_WBS,$AG10-ROW(hdr_WBS),0)&"."&COUNTIF(INDEX($AE:$AE,$AG10+1):$AE10,$AE10)))) -> 2 | C10: 1 | D10: Requirements & Design | E10: Auto | N10: =IF($D10="","",IF($AI10,MIN(OFFSET(hdr_PlanStart,$AF10+1,0,$AH10,1)),IF($E10="Manual",IF(N($M10)>0,$M10,ProjectStart),WORKDAY.INTL(MAX(ProjectStart,N($M10),$AK10,$AL10)-1,1,WorkWeek,Holidays)))) -> 46279 | O10: =IF($D10="","",IF($AI10,MAX(OFFSET(hdr_PlanFinish,$AF10+1,0,$AH10,1)),IF(N($F10)<=0,$N10,WORKDAY.INTL($N10,$F10-1,WorkWeek,Holidays)))) -> 46296 | R10: =IF($D10="","",IF($AI10,MIN(OFFSET(hdr_FcStart,$AF10+1,0,$AH10,1)),IF(N($P10)>0,$P10,IF($E10="Manual",IF(N($M10)>0,$M10,ProjectStart),WORKDAY.INTL(MAX(ProjectStart,N($M10),$AM10,$AN10,IF(RescheduleAfterStatus="Yes",StatusDate,0))-1,1,WorkWeek,Holidays))))) -> 46280 | S10: =IF($D10="","",IF($AI10,MAX(OFFSET(hdr_FcFinish,$AF10+1,0,$AH10,1)),IF(N($Q10)>0,$Q10,IF(N($F10)<=0,$R10,IF(AND(N($P10)>0,RescheduleAfterStatus="Yes"),MAX(WORKDAY.INTL($R10,$F10-1,WorkWeek,Holidays),WORKDAY.INTL(StatusWorkday,MAX(0,ROUNDUP($F10*(1-MIN(1,N($U10))),0)-1),WorkWeek,Holidays)),WORKDAY.INTL($R10,$F10-1,WorkWeek,Holidays)))))) -> 46301 | T10: =IF($D10="","",IF($S10>=$O10,NETWORKDAYS.INTL($O10,$S10,WorkWeek,Holidays)-1,1-NETWORKDAYS.INTL($S10,$O10,WorkWeek,Holidays))) -> 3 | V10: =IF($D10="","",IF($AI10,IFERROR(SUM(OFFSET(hdr_WtDone,$AF10+1,0,$AH10,1))/SUM(OFFSET(hdr_WtDur,$AF10+1,0,$AH10,1)),0),IF(N($Q10)>0,1,MIN(1,N($U10))))) -> 1 | W10: =IF($D10="","",IF($V10>=1,"Complete",IF(OR(N($P10)>0,$V10>0),IF($T10>0,"Behind","In Progress"),IF($N10<StatusDate,"Late Start","Not Started")))) -> Complete | Z10: =IF($D10="","",IF($AI10,SUMPRODUCT(OFFSET(hdr_Work,$AF10+1,0,$AH10,1),OFFSET(hdr_IsLeaf,$AF10+1,0,$AH10,1)),IF($X10="",0,N($F10)*HoursPerDay*IF($Y10="",DefaultUnits,$Y10)))) -> 152 | AA10: =IF($D10="","",IF($AI10,SUMPRODUCT(OFFSET(hdr_Cost,$AF10+1,0,$AH10,1),OFFSET(hdr_IsLeaf,$AF10+1,0,$AH10,1)),$Z10*IFERROR(INDEX(res_Rate,MATCH($X10,res_Name,0)),0))) -> 12480 | AB10: =IF(OR($D10="",$AI10),"",IF(OR($R10<Sprint1Start,$R10>SprintLastEnd),"Backlog",INDEX(spr_Name,MATCH($R10,spr_Start,1)))) | AC10: =IF($D10="","",$AT10&IF(AND($AT10<>"",$AU10<>""),",","")&$AU10) | AE10: =IF($D10="","",MAX(1,N($C10))) -> 1 | AF10: =ROW()-ROW(hdr_ID) -> 5 | AG10: =IF(OR($D10="",$AE10<=1),0,IFERROR(LOOKUP(2,1/($AE$5:$AE9=$AE10-1),ROW($AE$5:$AE9)),0)) -> 0 | AH10: =IF($D10="",0,COUNTIF(tsk_WBS,$B10&".*")) -> 4 | AI10: =$AH10>0 -> TRUE | AJ10: =IF(AND($D10<>"",NOT($AI10)),1,0) -> 0 | AK10: =IF(OR(N($G10)=0,$AI10,$D10=""),0,IFERROR(CHOOSE(MATCH(IF($H10="","FS",$H10),{"FS","SS","FF","SF"},0),WORKDAY.INTL(OFFSET(hdr_PlanFinish,MATCH($G10,tsk_ID,0),0),IF(N($F10)=0,0,1)+N($I10),WorkWeek,Holidays),WORKDAY.INTL(OFFSET(hdr_PlanStart,MATCH($G10,tsk_ID,0),0),N($I10),WorkWeek,Holidays),WORKDAY.INTL(WORKDAY.INTL(OFFSET(hdr_PlanFinish,MATCH($G10,tsk_ID,0),0),N($I10),WorkWeek,Holidays),-MAX(0,N($F10)-1),WorkWeek,Holidays),WORKDAY.INTL(WORKDAY.INTL(OFFSET(hdr_PlanStart,MATCH($G10,tsk_ID,0),0),N($I10),WorkWeek,Holidays),-MAX(0,N($F10)-1),WorkWeek,Holidays)),0)) -> 0 | AL10: =IF(OR(N($J10)=0,$AI10,$D10=""),0,IFERROR(CHOOSE(MATCH(IF($K10="","FS",$K10),{"FS","SS","FF","SF"},0),WORKDAY.INTL(OFFSET(hdr_PlanFinish,MATCH($J10,tsk_ID,0),0),IF(N($F10)=0,0,1)+N($L10),WorkWeek,Holidays),WORKDAY.INTL(OFFSET(hdr_PlanStart,MATCH($J10,tsk_ID,0),0),N($L10),WorkWeek,Holidays),WORKDAY.INTL(WORKDAY.INTL(OFFSET(hdr_PlanFinish,MATCH($J10,tsk_ID,0),0),N($L10),WorkWeek,Holidays),-MAX(0,N($F10)-1),WorkWeek,Holidays),WORKDAY.INTL(WORKDAY.INTL(OFFSET(hdr_PlanStart,MATCH($J10,tsk_ID,0),0),N($L10),WorkWeek,Holidays),-MAX(0,N($F10)-1),WorkWeek,Holidays)),0)) -> 0 | AM10: =IF(OR(N($G10)=0,$AI10,$D10=""),0,IFERROR(CHOOSE(MATCH(IF($H10="","FS",$H10),{"FS","SS","FF","SF"},0),WORKDAY.INTL(OFFSET(hdr_FcFinish,MATCH($G10,tsk_ID,0),0),IF(N($F10)=0,0,1)+N($I10),WorkWeek,Holidays),WORKDAY.INTL(OFFSET(hdr_FcStart,MATCH($G10,tsk_ID,0),0),N($I10),WorkWeek,Holidays),WORKDAY.INTL(WORKDAY.INTL(OFFSET(hdr_FcFinish,MATCH($G10,tsk_ID,0),0),N($I10),WorkWeek,Holidays),-MAX(0,N($F10)-1),WorkWeek,Holidays),WORKDAY.INTL(WORKDAY.INTL(OFFSET(hdr_FcStart,MATCH($G10,tsk_ID,0),0),N($I10),WorkWeek,Holidays),-MAX(0,N($F10)-1),WorkWeek,Holidays)),0)) -> 0 | AN10: =IF(OR(N($J10)=0,$AI10,$D10=""),0,IFERROR(CHOOSE(MATCH(IF($K10="","FS",$K10),{"FS","SS","FF","SF"},0),WORKDAY.INTL(OFFSET(hdr_FcFinish,MATCH($J10,tsk_ID,0),0),IF(N($F10)=0,0,1)+N($L10),WorkWeek,Holidays),WORKDAY.INTL(OFFSET(hdr_FcStart,MATCH($J10,tsk_ID,0),0),N($L10),WorkWeek,Holidays),WORKDAY.INTL(WORKDAY.INTL(OFFSET(hdr_FcFinish,MATCH($J10,tsk_ID,0),0),N($L10),WorkWeek,Holidays),-MAX(0,N($F10)-1),WorkWeek,Holidays),WORKDAY.INTL(WORKDAY.INTL(OFFSET(hdr_FcStart,MATCH($J10,tsk_ID,0),0),N($L10),WorkWeek,Holidays),-MAX(0,N($F10)-1),WorkWeek,Holidays)),0)) -> 0 | AO10: =IF($AJ10=1,$R10,0) -> 0 | AP10: =IF($AJ10=1,$S10,0) -> 0 | AQ10: =IF(AND($AJ10=1,N($Z10)>0),$Z10/($AP10-$AO10+1),0) -> 0 | AR10: =IF($AJ10=1,MAX(N($F10),0.1),0) -> 0 | AS10: =IF($AJ10=1,$AR10*$V10,0) -> 0 | AT10: =IF(N($G10)=0,"",$G10&IF(AND(IF($H10="","FS",$H10)="FS",N($I10)=0),"",IF($H10="","FS",$H10)&IF(N($I10)=0,"",IF(N($I10)>0,"+","")&N($I10)&"d"))) | AU10: =IF(N($J10)=0,"",$J10&IF(AND(IF($K10="","FS",$K10)="FS",N($L10)=0),"",IF($K10="","FS",$K10)&IF(N($L10)=0,"",IF(N($L10)>0,"+","")&N($L10)&"d"))) | AV10: =IF(AND($AJ10=1,N($F10)=0,$V10<1),$S10+$AF10/100000,"")
A11: =IF($D11="","",COUNTA($D$6:$D11)) -> 6 | B11: =IF($D11="","",IF($AE11=1,COUNTIF($AE$6:$AE11,1)&"",IF($AG11=0,"?",OFFSET(hdr_WBS,$AG11-ROW(hdr_WBS),0)&"."&COUNTIF(INDEX($AE:$AE,$AG11+1):$AE11,$AE11)))) -> 2.1 | C11: 2 | D11: Requirements gathering | E11: Auto | F11: 8 | G11: 4 | H11: FS | N11: =IF($D11="","",IF($AI11,MIN(OFFSET(hdr_PlanStart,$AF11+1,0,$AH11,1)),IF($E11="Manual",IF(N($M11)>0,$M11,ProjectStart),WORKDAY.INTL(MAX(ProjectStart,N($M11),$AK11,$AL11)-1,1,WorkWeek,Holidays)))) -> 46279 | O11: =IF($D11="","",IF($AI11,MAX(OFFSET(hdr_PlanFinish,$AF11+1,0,$AH11,1)),IF(N($F11)<=0,$N11,WORKDAY.INTL($N11,$F11-1,WorkWeek,Holidays)))) -> 46288 | P11: 46280 | Q11: 46290 | R11: =IF($D11="","",IF($AI11,MIN(OFFSET(hdr_FcStart,$AF11+1,0,$AH11,1)),IF(N($P11)>0,$P11,IF($E11="Manual",IF(N($M11)>0,$M11,ProjectStart),WORKDAY.INTL(MAX(ProjectStart,N($M11),$AM11,$AN11,IF(RescheduleAfterStatus="Yes",StatusDate,0))-1,1,WorkWeek,Holidays))))) -> 46280 | S11: =IF($D11="","",IF($AI11,MAX(OFFSET(hdr_FcFinish,$AF11+1,0,$AH11,1)),IF(N($Q11)>0,$Q11,IF(N($F11)<=0,$R11,IF(AND(N($P11)>0,RescheduleAfterStatus="Yes"),MAX(WORKDAY.INTL($R11,$F11-1,WorkWeek,Holidays),WORKDAY.INTL(StatusWorkday,MAX(0,ROUNDUP($F11*(1-MIN(1,N($U11))),0)-1),WorkWeek,Holidays)),WORKDAY.INTL($R11,$F11-1,WorkWeek,Holidays)))))) -> 46290 | T11: =IF($D11="","",IF($S11>=$O11,NETWORKDAYS.INTL($O11,$S11,WorkWeek,Holidays)-1,1-NETWORKDAYS.INTL($S11,$O11,WorkWeek,Holidays))) -> 2 | U11: 1 | V11: =IF($D11="","",IF($AI11,IFERROR(SUM(OFFSET(hdr_WtDone,$AF11+1,0,$AH11,1))/SUM(OFFSET(hdr_WtDur,$AF11+1,0,$AH11,1)),0),IF(N($Q11)>0,1,MIN(1,N($U11))))) -> 1 | W11: =IF($D11="","",IF($V11>=1,"Complete",IF(OR(N($P11)>0,$V11>0),IF($T11>0,"Behind","In Progress"),IF($N11<StatusDate,"Late Start","Not Started")))) -> Complete | X11: Morgan Patel | Z11: =IF($D11="","",IF($AI11,SUMPRODUCT(OFFSET(hdr_Work,$AF11+1,0,$AH11,1),OFFSET(hdr_IsLeaf,$AF11+1,0,$AH11,1)),IF($X11="",0,N($F11)*HoursPerDay*IF($Y11="",DefaultUnits,$Y11)))) -> 64 | AA11: =IF($D11="","",IF($AI11,SUMPRODUCT(OFFSET(hdr_Cost,$AF11+1,0,$AH11,1),OFFSET(hdr_IsLeaf,$AF11+1,0,$AH11,1)),$Z11*IFERROR(INDEX(res_Rate,MATCH($X11,res_Name,0)),0))) -> 4480 | AB11: =IF(OR($D11="",$AI11),"",IF(OR($R11<Sprint1Start,$R11>SprintLastEnd),"Backlog",INDEX(spr_Name,MATCH($R11,spr_Start,1)))) -> Sprint 1 | AC11: =IF($D11="","",$AT11&IF(AND($AT11<>"",$AU11<>""),",","")&$AU11) -> 4 | AE11: =IF($D11="","",MAX(1,N($C11))) -> 2 | AF11: =ROW()-ROW(hdr_ID) -> 6 | AG11: =IF(OR($D11="",$AE11<=1),0,IFERROR(LOOKUP(2,1/($AE$5:$AE10=$AE11-1),ROW($AE$5:$AE10)),0)) -> 10 | AH11: =IF($D11="",0,COUNTIF(tsk_WBS,$B11&".*")) -> 0 | AI11: =$AH11>0 -> FALSE | AJ11: =IF(AND($D11<>"",NOT($AI11)),1,0) -> 1 | AK11: =IF(OR(N($G11)=0,$AI11,$D11=""),0,IFERROR(CHOOSE(MATCH(IF($H11="","FS",$H11),{"FS","SS","FF","SF"},0),WORKDAY.INTL(OFFSET(hdr_PlanFinish,MATCH($G11,tsk_ID,0),0),IF(N($F11)=0,0,1)+N($I11),WorkWeek,Holidays),WORKDAY.INTL(OFFSET(hdr_PlanStart,MATCH($G11,tsk_ID,0),0),N($I11),WorkWeek,Holidays),WORKDAY.INTL(WORKDAY.INTL(OFFSET(hdr_PlanFinish,MATCH($G11,tsk_ID,0),0),N($I11),WorkWeek,Holidays),-MAX(0,N($F11)-1),WorkWeek,Holidays),WORKDAY.INTL(WORKDAY.INTL(OFFSET(hdr_PlanStart,MATCH($G11,tsk_ID,0),0),N($I11),WorkWeek,Holidays),-MAX(0,N($F11)-1),WorkWeek,Holidays)),0)) -> 46279 | AL11: =IF(OR(N($J11)=0,$AI11,$D11=""),0,IFERROR(CHOOSE(MATCH(IF($K11="","FS",$K11),{"FS","SS","FF","SF"},0),WORKDAY.INTL(OFFSET(hdr_PlanFinish,MATCH($J11,tsk_ID,0),0),IF(N($F11)=0,0,1)+N($L11),WorkWeek,Holidays),WORKDAY.INTL(OFFSET(hdr_PlanStart,MATCH($J11,tsk_ID,0),0),N($L11),WorkWeek,Holidays),WORKDAY.INTL(WORKDAY.INTL(OFFSET(hdr_PlanFinish,MATCH($J11,tsk_ID,0),0),N($L11),WorkWeek,Holidays),-MAX(0,N($F11)-1),WorkWeek,Holidays),WORKDAY.INTL(WORKDAY.INTL(OFFSET(hdr_PlanStart,MATCH($J11,tsk_ID,0),0),N($L11),WorkWeek,Holidays),-MAX(0,N($F11)-1),WorkWeek,Holidays)),0)) -> 0 | AM11: =IF(OR(N($G11)=0,$AI11,$D11=""),0,IFERROR(CHOOSE(MATCH(IF($H11="","FS",$H11),{"FS","SS","FF","SF"},0),WORKDAY.INTL(OFFSET(hdr_FcFinish,MATCH($G11,tsk_ID,0),0),IF(N($F11)=0,0,1)+N($I11),WorkWeek,Holidays),WORKDAY.INTL(OFFSET(hdr_FcStart,MATCH($G11,tsk_ID,0),0),N($I11),WorkWeek,Holidays),WORKDAY.INTL(WORKDAY.INTL(OFFSET(hdr_FcFinish,MATCH($G11,tsk_ID,0),0),N($I11),WorkWeek,Holidays),-MAX(0,N($F11)-1),WorkWeek,Holidays),WORKDAY.INTL(WORKDAY.INTL(OFFSET(hdr_FcStart,MATCH($G11,tsk_ID,0),0),N($I11),WorkWeek,Holidays),-MAX(0,N($F11)-1),WorkWeek,Holidays)),0)) -> 46280 | AN11: =IF(OR(N($J11)=0,$AI11,$D11=""),0,IFERROR(CHOOSE(MATCH(IF($K11="","FS",$K11),{"FS","SS","FF","SF"},0),WORKDAY.INTL(OFFSET(hdr_FcFinish,MATCH($J11,tsk_ID,0),0),IF(N($F11)=0,0,1)+N($L11),WorkWeek,Holidays),WORKDAY.INTL(OFFSET(hdr_FcStart,MATCH($J11,tsk_ID,0),0),N($L11),WorkWeek,Holidays),WORKDAY.INTL(WORKDAY.INTL(OFFSET(hdr_FcFinish,MATCH($J11,tsk_ID,0),0),N($L11),WorkWeek,Holidays),-MAX(0,N($F11)-1),WorkWeek,Holidays),WORKDAY.INTL(WORKDAY.INTL(OFFSET(hdr_FcStart,MATCH($J11,tsk_ID,0),0),N($L11),WorkWeek,Holidays),-MAX(0,N($F11)-1),WorkWeek,Holidays)),0)) -> 0 | AO11: =IF($AJ11=1,$R11,0) -> 46280 | AP11: =IF($AJ11=1,$S11,0) -> 46290 | AQ11: =IF(AND($AJ11=1,N($Z11)>0),$Z11/($AP11-$AO11+1),0) -> 5.8181818 | AR11: =IF($AJ11=1,MAX(N($F11),0.1),0) -> 8 | AS11: =IF($AJ11=1,$AR11*$V11,0) -> 8 | AT11: =IF(N($G11)=0,"",$G11&IF(AND(IF($H11="","FS",$H11)="FS",N($I11)=0),"",IF($H11="","FS",$H11)&IF(N($I11)=0,"",IF(N($I11)>0,"+","")&N($I11)&"d"))) -> 4 | AU11: =IF(N($J11)=0,"",$J11&IF(AND(IF($K11="","FS",$K11)="FS",N($L11)=0),"",IF($K11="","FS",$K11)&IF(N($L11)=0,"",IF(N($L11)>0,"+","")&N($L11)&"d"))) | AV11: =IF(AND($AJ11=1,N($F11)=0,$V11<1),$S11+$AF11/100000,"")
A12: =IF($D12="","",COUNTA($D$6:$D12)) -> 7 | B12: =IF($D12="","",IF($AE12=1,COUNTIF($AE$6:$AE12,1)&"",IF($AG12=0,"?",OFFSET(hdr_WBS,$AG12-ROW(hdr_WBS),0)&"."&COUNTIF(INDEX($AE:$AE,$AG12+1):$AE12,$AE12)))) -> 2.2 | C12: 2 | D12: Solution architecture | E12: Auto | F12: 5 | G12: 6 | H12: SS | I12: 3 | N12: =IF($D12="","",IF($AI12,MIN(OFFSET(hdr_PlanStart,$AF12+1,0,$AH12,1)),IF($E12="Manual",IF(N($M12)>0,$M12,ProjectStart),WORKDAY.INTL(MAX(ProjectStart,N($M12),$AK12,$AL12)-1,1,WorkWeek,Holidays)))) -> 46282 | O12: =IF($D12="","",IF($AI12,MAX(OFFSET(hdr_PlanFinish,$AF12+1,0,$AH12,1)),IF(N($F12)<=0,$N12,WORKDAY.INTL($N12,$F12-1,WorkWeek,Holidays)))) -> 46288 | P12: 46283 | Q12: 46290 | R12: =IF($D12="","",IF($AI12,MIN(OFFSET(hdr_FcStart,$AF12+1,0,$AH12,1)),IF(N($P12)>0,$P12,IF($E12="Manual",IF(N($M12)>0,$M12,ProjectStart),WORKDAY.INTL(MAX(ProjectStart,N($M12),$AM12,$AN12,IF(RescheduleAfterStatus="Yes",StatusDate,0))-1,1,WorkWeek,Holidays))))) -> 46283 | S12: =IF($D12="","",IF($AI12,MAX(OFFSET(hdr_FcFinish,$AF12+1,0,$AH12,1)),IF(N($Q12)>0,$Q12,IF(N($F12)<=0,$R12,IF(AND(N($P12)>0,RescheduleAfterStatus="Yes"),MAX(WORKDAY.INTL($R12,$F12-1,WorkWeek,Holidays),WORKDAY.INTL(StatusWorkday,MAX(0,ROUNDUP($F12*(1-MIN(1,N($U12))),0)-1),WorkWeek,Holidays)),WORKDAY.INTL($R12,$F12-1,WorkWeek,Holidays)))))) -> 46290 | T12: =IF($D12="","",IF($S12>=$O12,NETWORKDAYS.INTL($O12,$S12,WorkWeek,Holidays)-1,1-NETWORKDAYS.INTL($S12,$O12,WorkWeek,Holidays))) -> 2 | U12: 1 | V12: =IF($D12="","",IF($AI12,IFERROR(SUM(OFFSET(hdr_WtDone,$AF12+1,0,$AH12,1))/SUM(OFFSET(hdr_WtDur,$AF12+1,0,$AH12,1)),0),IF(N($Q12)>0,1,MIN(1,N($U12))))) -> 1 | W12: =IF($D12="","",IF($V12>=1,"Complete",IF(OR(N($P12)>0,$V12>0),IF($T12>0,"Behind","In Progress"),IF($N12<StatusDate,"Late Start","Not Started")))) -> Complete | X12: Alex Chen | Z12: =IF($D12="","",IF($AI12,SUMPRODUCT(OFFSET(hdr_Work,$AF12+1,0,$AH12,1),OFFSET(hdr_IsLeaf,$AF12+1,0,$AH12,1)),IF($X12="",0,N($F12)*HoursPerDay*IF($Y12="",DefaultUnits,$Y12)))) -> 40 | AA12: =IF($D12="","",IF($AI12,SUMPRODUCT(OFFSET(hdr_Cost,$AF12+1,0,$AH12,1),OFFSET(hdr_IsLeaf,$AF12+1,0,$AH12,1)),$Z12*IFERROR(INDEX(res_Rate,MATCH($X12,res_Name,0)),0))) -> 4400 | AB12: =IF(OR($D12="",$AI12),"",IF(OR($R12<Sprint1Start,$R12>SprintLastEnd),"Backlog",INDEX(spr_Name,MATCH($R12,spr_Start,1)))) -> Sprint 1 | AC12: =IF($D12="","",$AT12&IF(AND($AT12<>"",$AU12<>""),",","")&$AU12) -> 6SS+3d | AD12: Start-to-Start + 3 day lag example. | AE12: =IF($D12="","",MAX(1,N($C12))) -> 2 | AF12: =ROW()-ROW(hdr_ID) -> 7 | AG12: =IF(OR($D12="",$AE12<=1),0,IFERROR(LOOKUP(2,1/($AE$5:$AE11=$AE12-1),ROW($AE$5:$AE11)),0)) -> 10 | AH12: =IF($D12="",0,COUNTIF(tsk_WBS,$B12&".*")) -> 0 | AI12: =$AH12>0 -> FALSE | AJ12: =IF(AND($D12<>"",NOT($AI12)),1,0) -> 1 | AK12: =IF(OR(N($G12)=0,$AI12,$D12=""),0,IFERROR(CHOOSE(MATCH(IF($H12="","FS",$H12),{"FS","SS","FF","SF"},0),WORKDAY.INTL(OFFSET(hdr_PlanFinish,MATCH($G12,tsk_ID,0),0),IF(N($F12)=0,0,1)+N($I12),WorkWeek,Holidays),WORKDAY.INTL(OFFSET(hdr_PlanStart,MATCH($G12,tsk_ID,0),0),N($I12),WorkWeek,Holidays),WORKDAY.INTL(WORKDAY.INTL(OFFSET(hdr_PlanFinish,MATCH($G12,tsk_ID,0),0),N($I12),WorkWeek,Holidays),-MAX(0,N($F12)-1),WorkWeek,Holidays),WORKDAY.INTL(WORKDAY.INTL(OFFSET(hdr_PlanStart,MATCH($G12,tsk_ID,0),0),N($I12),WorkWeek,Holidays),-MAX(0,N($F12)-1),WorkWeek,Holidays)),0)) -> 46282 | AL12: =IF(OR(N($J12)=0,$AI12,$D12=""),0,IFERROR(CHOOSE(MATCH(IF($K12="","FS",$K12),{"FS","SS","FF","SF"},0),WORKDAY.INTL(OFFSET(hdr_PlanFinish,MATCH($J12,tsk_ID,0),0),IF(N($F12)=0,0,1)+N($L12),WorkWeek,Holidays),WORKDAY.INTL(OFFSET(hdr_PlanStart,MATCH($J12,tsk_ID,0),0),N($L12),WorkWeek,Holidays),WORKDAY.INTL(WORKDAY.INTL(OFFSET(hdr_PlanFinish,MATCH($J12,tsk_ID,0),0),N($L12),WorkWeek,Holidays),-MAX(0,N($F12)-1),WorkWeek,Holidays),WORKDAY.INTL(WORKDAY.INTL(OFFSET(hdr_PlanStart,MATCH($J12,tsk_ID,0),0),N($L12),WorkWeek,Holidays),-MAX(0,N($F12)-1),WorkWeek,Holidays)),0)) -> 0 | AM12: =IF(OR(N($G12)=0,$AI12,$D12=""),0,IFERROR(CHOOSE(MATCH(IF($H12="","FS",$H12),{"FS","SS","FF","SF"},0),WORKDAY.INTL(OFFSET(hdr_FcFinish,MATCH($G12,tsk_ID,0),0),IF(N($F12)=0,0,1)+N($I12),WorkWeek,Holidays),WORKDAY.INTL(OFFSET(hdr_FcStart,MATCH($G12,tsk_ID,0),0),N($I12),WorkWeek,Holidays),WORKDAY.INTL(WORKDAY.INTL(OFFSET(hdr_FcFinish,MATCH($G12,tsk_ID,0),0),N($I12),WorkWeek,Holidays),-MAX(0,N($F12)-1),WorkWeek,Holidays),WORKDAY.INTL(WORKDAY.INTL(OFFSET(hdr_FcStart,MATCH($G12,tsk_ID,0),0),N($I12),WorkWeek,Holidays),-MAX(0,N($F12)-1),WorkWeek,Holidays)),0)) -> 46283 | AN12: =IF(OR(N($J12)=0,$AI12,$D12=""),0,IFERROR(CHOOSE(MATCH(IF($K12="","FS",$K12),{"FS","SS","FF","SF"},0),WORKDAY.INTL(OFFSET(hdr_FcFinish,MATCH($J12,tsk_ID,0),0),IF(N($F12)=0,0,1)+N($L12),WorkWeek,Holidays),WORKDAY.INTL(OFFSET(hdr_FcStart,MATCH($J12,tsk_ID,0),0),N($L12),WorkWeek,Holidays),WORKDAY.INTL(WORKDAY.INTL(OFFSET(hdr_FcFinish,MATCH($J12,tsk_ID,0),0),N($L12),WorkWeek,Holidays),-MAX(0,N($F12)-1),WorkWeek,Holidays),WORKDAY.INTL(WORKDAY.INTL(OFFSET(hdr_FcStart,MATCH($J12,tsk_ID,0),0),N($L12),WorkWeek,Holidays),-MAX(0,N($F12)-1),WorkWeek,Holidays)),0)) -> 0 | AO12: =IF($AJ12=1,$R12,0) -> 46283 | AP12: =IF($AJ12=1,$S12,0) -> 46290 | AQ12: =IF(AND($AJ12=1,N($Z12)>0),$Z12/($AP12-$AO12+1),0) -> 5 | AR12: =IF($AJ12=1,MAX(N($F12),0.1),0) -> 5 | AS12: =IF($AJ12=1,$AR12*$V12,0) -> 5 | AT12: =IF(N($G12)=0,"",$G12&IF(AND(IF($H12="","FS",$H12)="FS",N($I12)=0),"",IF($H12="","FS",$H12)&IF(N($I12)=0,"",IF(N($I12)>0,"+","")&N($I12)&"d"))) -> 6SS+3d | AU12: =IF(N($J12)=0,"",$J12&IF(AND(IF($K12="","FS",$K12)="FS",N($L12)=0),"",IF($K12="","FS",$K12)&IF(N($L12)=0,"",IF(N($L12)>0,"+","")&N($L12)&"d"))) | AV12: =IF(AND($AJ12=1,N($F12)=0,$V12<1),$S12+$AF12/100000,"")
A13: =IF($D13="","",COUNTA($D$6:$D13)) -> 8 | B13: =IF($D13="","",IF($AE13=1,COUNTIF($AE$6:$AE13,1)&"",IF($AG13=0,"?",OFFSET(hdr_WBS,$AG13-ROW(hdr_WBS),0)&"."&COUNTIF(INDEX($AE:$AE,$AG13+1):$AE13,$AE13)))) -> 2.3 | C13: 2 | D13: UX wireframes & prototype | E13: Auto | F13: 6 | G13: 6 | H13: FS | N13: =IF($D13="","",IF($AI13,MIN(OFFSET(hdr_PlanStart,$AF13+1,0,$AH13,1)),IF($E13="Manual",IF(N($M13)>0,$M13,ProjectStart),WORKDAY.INTL(MAX(ProjectStart,N($M13),$AK13,$AL13)-1,1,WorkWeek,Holidays)))) -> 46289 | O13: =IF($D13="","",IF($AI13,MAX(OFFSET(hdr_PlanFinish,$AF13+1,0,$AH13,1)),IF(N($F13)<=0,$N13,WORKDAY.INTL($N13,$F13-1,WorkWeek,Holidays)))) -> 46296 | P13: 46293 | Q13: 46301 | R13: =IF($D13="","",IF($AI13,MIN(OFFSET(hdr_FcStart,$AF13+1,0,$AH13,1)),IF(N($P13)>0,$P13,IF($E13="Manual",IF(N($M13)>0,$M13,ProjectStart),WORKDAY.INTL(MAX(ProjectStart,N($M13),$AM13,$AN13,IF(RescheduleAfterStatus="Yes",StatusDate,0))-1,1,WorkWeek,Holidays))))) -> 46293 | S13: =IF($D13="","",IF($AI13,MAX(OFFSET(hdr_FcFinish,$AF13+1,0,$AH13,1)),IF(N($Q13)>0,$Q13,IF(N($F13)<=0,$R13,IF(AND(N($P13)>0,RescheduleAfterStatus="Yes"),MAX(WORKDAY.INTL($R13,$F13-1,WorkWeek,Holidays),WORKDAY.INTL(StatusWorkday,MAX(0,ROUNDUP($F13*(1-MIN(1,N($U13))),0)-1),WorkWeek,Holidays)),WORKDAY.INTL($R13,$F13-1,WorkWeek,Holidays)))))) -> 46301 | T13: =IF($D13="","",IF($S13>=$O13,NETWORKDAYS.INTL($O13,$S13,WorkWeek,Holidays)-1,1-NETWORKDAYS.INTL($S13,$O13,WorkWeek,Holidays))) -> 3 | U13: 1 | V13: =IF($D13="","",IF($AI13,IFERROR(SUM(OFFSET(hdr_WtDone,$AF13+1,0,$AH13,1))/SUM(OFFSET(hdr_WtDur,$AF13+1,0,$AH13,1)),0),IF(N($Q13)>0,1,MIN(1,N($U13))))) -> 1 | W13: =IF($D13="","",IF($V13>=1,"Complete",IF(OR(N($P13)>0,$V13>0),IF($T13>0,"Behind","In Progress"),IF($N13<StatusDate,"Late Start","Not Started")))) -> Complete | X13: Casey Kim | Z13: =IF($D13="","",IF($AI13,SUMPRODUCT(OFFSET(hdr_Work,$AF13+1,0,$AH13,1),OFFSET(hdr_IsLeaf,$AF13+1,0,$AH13,1)),IF($X13="",0,N($F13)*HoursPerDay*IF($Y13="",DefaultUnits,$Y13)))) -> 48 | AA13: =IF($D13="","",IF($AI13,SUMPRODUCT(OFFSET(hdr_Cost,$AF13+1,0,$AH13,1),OFFSET(hdr_IsLeaf,$AF13+1,0,$AH13,1)),$Z13*IFERROR(INDEX(res_Rate,MATCH($X13,res_Name,0)),0))) -> 3600 | AB13: =IF(OR($D13="",$AI13),"",IF(OR($R13<Sprint1Start,$R13>SprintLastEnd),"Backlog",INDEX(spr_Name,MATCH($R13,spr_Start,1)))) -> Sprint 2 | AC13: =IF($D13="","",$AT13&IF(AND($AT13<>"",$AU13<>""),",","")&$AU13) -> 6 | AE13: =IF($D13="","",MAX(1,N($C13))) -> 2 | AF13: =ROW()-ROW(hdr_ID) -> 8 | AG13: =IF(OR($D13="",$AE13<=1),0,IFERROR(LOOKUP(2,1/($AE$5:$AE12=$AE13-1),ROW($AE$5:$AE12)),0)) -> 10 | AH13: =IF($D13="",0,COUNTIF(tsk_WBS,$B13&".*")) -> 0 | AI13: =$AH13>0 -> FALSE | AJ13: =IF(AND($D13<>"",NOT($AI13)),1,0) -> 1 | AK13: =IF(OR(N($G13)=0,$AI13,$D13=""),0,IFERROR(CHOOSE(MATCH(IF($H13="","FS",$H13),{"FS","SS","FF","SF"},0),WORKDAY.INTL(OFFSET(hdr_PlanFinish,MATCH($G13,tsk_ID,0),0),IF(N($F13)=0,0,1)+N($I13),WorkWeek,Holidays),WORKDAY.INTL(OFFSET(hdr_PlanStart,MATCH($G13,tsk_ID,0),0),N($I13),WorkWeek,Holidays),WORKDAY.INTL(WORKDAY.INTL(OFFSET(hdr_PlanFinish,MATCH($G13,tsk_ID,0),0),N($I13),WorkWeek,Holidays),-MAX(0,N($F13)-1),WorkWeek,Holidays),WORKDAY.INTL(WORKDAY.INTL(OFFSET(hdr_PlanStart,MATCH($G13,tsk_ID,0),0),N($I13),WorkWeek,Holidays),-MAX(0,N($F13)-1),WorkWeek,Holidays)),0)) -> 46289 | AL13: =IF(OR(N($J13)=0,$AI13,$D13=""),0,IFERROR(CHOOSE(MATCH(IF($K13="","FS",$K13),{"FS","SS","FF","SF"},0),WORKDAY.INTL(OFFSET(hdr_PlanFinish,MATCH($J13,tsk_ID,0),0),IF(N($F13)=0,0,1)+N($L13),WorkWeek,Holidays),WORKDAY.INTL(OFFSET(hdr_PlanStart,MATCH($J13,tsk_ID,0),0),N($L13),WorkWeek,Holidays),WORKDAY.INTL(WORKDAY.INTL(OFFSET(hdr_PlanFinish,MATCH($J13,tsk_ID,0),0),N($L13),WorkWeek,Holidays),-MAX(0,N($F13)-1),WorkWeek,Holidays),WORKDAY.INTL(WORKDAY.INTL(OFFSET(hdr_PlanStart,MATCH($J13,tsk_ID,0),0),N($L13),WorkWeek,Holidays),-MAX(0,N($F13)-1),WorkWeek,Holidays)),0)) -> 0 | AM13: =IF(OR(N($G13)=0,$AI13,$D13=""),0,IFERROR(CHOOSE(MATCH(IF($H13="","FS",$H13),{"FS","SS","FF","SF"},0),WORKDAY.INTL(OFFSET(hdr_FcFinish,MATCH($G13,tsk_ID,0),0),IF(N($F13)=0,0,1)+N($I13),WorkWeek,Holidays),WORKDAY.INTL(OFFSET(hdr_FcStart,MATCH($G13,tsk_ID,0),0),N($I13),WorkWeek,Holidays),WORKDAY.INTL(WORKDAY.INTL(OFFSET(hdr_FcFinish,MATCH($G13,tsk_ID,0),0),N($I13),WorkWeek,Holidays),-MAX(0,N($F13)-1),WorkWeek,Holidays),WORKDAY.INTL(WORKDAY.INTL(OFFSET(hdr_FcStart,MATCH($G13,tsk_ID,0),0),N($I13),WorkWeek,Holidays),-MAX(0,N($F13)-1),WorkWeek,Holidays)),0)) -> 46293 | AN13: =IF(OR(N($J13)=0,$AI13,$D13=""),0,IFERROR(CHOOSE(MATCH(IF($K13="","FS",$K13),{"FS","SS","FF","SF"},0),WORKDAY.INTL(OFFSET(hdr_FcFinish,MATCH($J13,tsk_ID,0),0),IF(N($F13)=0,0,1)+N($L13),WorkWeek,Holidays),WORKDAY.INTL(OFFSET(hdr_FcStart,MATCH($J13,tsk_ID,0),0),N($L13),WorkWeek,Holidays),WORKDAY.INTL(WORKDAY.INTL(OFFSET(hdr_FcFinish,MATCH($J13,tsk_ID,0),0),N($L13),WorkWeek,Holidays),-MAX(0,N($F13)-1),WorkWeek,Holidays),WORKDAY.INTL(WORKDAY.INTL(OFFSET(hdr_FcStart,MATCH($J13,tsk_ID,0),0),N($L13),WorkWeek,Holidays),-MAX(0,N($F13)-1),WorkWeek,Holidays)),0)) -> 0 | AO13: =IF($AJ13=1,$R13,0) -> 46293 | AP13: =IF($AJ13=1,$S13,0) -> 46301 | AQ13: =IF(AND($AJ13=1,N($Z13)>0),$Z13/($AP13-$AO13+1),0) -> 5.3333333 | AR13: =IF($AJ13=1,MAX(N($F13),0.1),0) -> 6 | AS13: =IF($AJ13=1,$AR13*$V13,0) -> 6 | AT13: =IF(N($G13)=0,"",$G13&IF(AND(IF($H13="","FS",$H13)="FS",N($I13)=0),"",IF($H13="","FS",$H13)&IF(N($I13)=0,"",IF(N($I13)>0,"+","")&N($I13)&"d"))) -> 6 | AU13: =IF(N($J13)=0,"",$J13&IF(AND(IF($K13="","FS",$K13)="FS",N($L13)=0),"",IF($K13="","FS",$K13)&IF(N($L13)=0,"",IF(N($L13)>0,"+","")&N($L13)&"d"))) | AV13: =IF(AND($AJ13=1,N($F13)=0,$V13<1),$S13+$AF13/100000,"")
A14: =IF($D14="","",COUNTA($D$6:$D14)) -> 9 | B14: =IF($D14="","",IF($AE14=1,COUNTIF($AE$6:$AE14,1)&"",IF($AG14=0,"?",OFFSET(hdr_WBS,$AG14-ROW(hdr_WBS),0)&"."&COUNTIF(INDEX($AE:$AE,$AG14+1):$AE14,$AE14)))) -> 2.4 | C14: 2 | D14: Design sign-off | E14: Auto | F14: 0 | G14: 7 | H14: FS | J14: 8 | K14: FS | N14: =IF($D14="","",IF($AI14,MIN(OFFSET(hdr_PlanStart,$AF14+1,0,$AH14,1)),IF($E14="Manual",IF(N($M14)>0,$M14,ProjectStart),WORKDAY.INTL(MAX(ProjectStart,N($M14),$AK14,$AL14)-1,1,WorkWeek,Holidays)))) -> 46296 | O14: =IF($D14="","",IF($AI14,MAX(OFFSET(hdr_PlanFinish,$AF14+1,0,$AH14,1)),IF(N($F14)<=0,$N14,WORKDAY.INTL($N14,$F14-1,WorkWeek,Holidays)))) -> 46296 | P14: 46301 | Q14: 46301 | R14: =IF($D14="","",IF($AI14,MIN(OFFSET(hdr_FcStart,$AF14+1,0,$AH14,1)),IF(N($P14)>0,$P14,IF($E14="Manual",IF(N($M14)>0,$M14,ProjectStart),WORKDAY.INTL(MAX(ProjectStart,N($M14),$AM14,$AN14,IF(RescheduleAfterStatus="Yes",StatusDate,0))-1,1,WorkWeek,Holidays))))) -> 46301 | S14: =IF($D14="","",IF($AI14,MAX(OFFSET(hdr_FcFinish,$AF14+1,0,$AH14,1)),IF(N($Q14)>0,$Q14,IF(N($F14)<=0,$R14,IF(AND(N($P14)>0,RescheduleAfterStatus="Yes"),MAX(WORKDAY.INTL($R14,$F14-1,WorkWeek,Holidays),WORKDAY.INTL(StatusWorkday,MAX(0,ROUNDUP($F14*(1-MIN(1,N($U14))),0)-1),WorkWeek,Holidays)),WORKDAY.INTL($R14,$F14-1,WorkWeek,Holidays)))))) -> 46301 | T14: =IF($D14="","",IF($S14>=$O14,NETWORKDAYS.INTL($O14,$S14,WorkWeek,Holidays)-1,1-NETWORKDAYS.INTL($S14,$O14,WorkWeek,Holidays))) -> 3 | U14: 1 | V14: =IF($D14="","",IF($AI14,IFERROR(SUM(OFFSET(hdr_WtDone,$AF14+1,0,$AH14,1))/SUM(OFFSET(hdr_WtDur,$AF14+1,0,$AH14,1)),0),IF(N($Q14)>0,1,MIN(1,N($U14))))) -> 1 | W14: =IF($D14="","",IF($V14>=1,"Complete",IF(OR(N($P14)>0,$V14>0),IF($T14>0,"Behind","In Progress"),IF($N14<StatusDate,"Late Start","Not Started")))) -> Complete | Z14: =IF($D14="","",IF($AI14,SUMPRODUCT(OFFSET(hdr_Work,$AF14+1,0,$AH14,1),OFFSET(hdr_IsLeaf,$AF14+1,0,$AH14,1)),IF($X14="",0,N($F14)*HoursPerDay*IF($Y14="",DefaultUnits,$Y14)))) -> 0 | AA14: =IF($D14="","",IF($AI14,SUMPRODUCT(OFFSET(hdr_Cost,$AF14+1,0,$AH14,1),OFFSET(hdr_IsLeaf,$AF14+1,0,$AH14,1)),$Z14*IFERROR(INDEX(res_Rate,MATCH($X14,res_Name,0)),0))) -> 0 | AB14: =IF(OR($D14="",$AI14),"",IF(OR($R14<Sprint1Start,$R14>SprintLastEnd),"Backlog",INDEX(spr_Name,MATCH($R14,spr_Start,1)))) -> Sprint 3 | AC14: =IF($D14="","",$AT14&IF(AND($AT14<>"",$AU14<>""),",","")&$AU14) -> 7,8 | AD14: Two predecessors - waits for the later one. | AE14: =IF($D14="","",MAX(1,N($C14))) -> 2 | AF14: =ROW()-ROW(hdr_ID) -> 9 | AG14: =IF(OR($D14="",$AE14<=1),0,IFERROR(LOOKUP(2,1/($AE$5:$AE13=$AE14-1),ROW($AE$5:$AE13)),0)) -> 10 | AH14: =IF($D14="",0,COUNTIF(tsk_WBS,$B14&".*")) -> 0 | AI14: =$AH14>0 -> FALSE | AJ14: =IF(AND($D14<>"",NOT($AI14)),1,0) -> 1 | AK14: =IF(OR(N($G14)=0,$AI14,$D14=""),0,IFERROR(CHOOSE(MATCH(IF($H14="","FS",$H14),{"FS","SS","FF","SF"},0),WORKDAY.INTL(OFFSET(hdr_PlanFinish,MATCH($G14,tsk_ID,0),0),IF(N($F14)=0,0,1)+N($I14),WorkWeek,Holidays),WORKDAY.INTL(OFFSET(hdr_PlanStart,MATCH($G14,tsk_ID,0),0),N($I14),WorkWeek,Holidays),WORKDAY.INTL(WORKDAY.INTL(OFFSET(hdr_PlanFinish,MATCH($G14,tsk_ID,0),0),N($I14),WorkWeek,Holidays),-MAX(0,N($F14)-1),WorkWeek,Holidays),WORKDAY.INTL(WORKDAY.INTL(OFFSET(hdr_PlanStart,MATCH($G14,tsk_ID,0),0),N($I14),WorkWeek,Holidays),-MAX(0,N($F14)-1),WorkWeek,Holidays)),0)) -> 46288 | AL14: =IF(OR(N($J14)=0,$AI14,$D14=""),0,IFERROR(CHOOSE(MATCH(IF($K14="","FS",$K14),{"FS","SS","FF","SF"},0),WORKDAY.INTL(OFFSET(hdr_PlanFinish,MATCH($J14,tsk_ID,0),0),IF(N($F14)=0,0,1)+N($L14),WorkWeek,Holidays),WORKDAY.INTL(OFFSET(hdr_PlanStart,MATCH($J14,tsk_ID,0),0),N($L14),WorkWeek,Holidays),WORKDAY.INTL(WORKDAY.INTL(OFFSET(hdr_PlanFinish,MATCH($J14,tsk_ID,0),0),N($L14),WorkWeek,Holidays),-MAX(0,N($F14)-1),WorkWeek,Holidays),WORKDAY.INTL(WORKDAY.INTL(OFFSET(hdr_PlanStart,MATCH($J14,tsk_ID,0),0),N($L14),WorkWeek,Holidays),-MAX(0,N($F14)-1),WorkWeek,Holidays)),0)) -> 46296 | AM14: =IF(OR(N($G14)=0,$AI14,$D14=""),0,IFERROR(CHOOSE(MATCH(IF($H14="","FS",$H14),{"FS","SS","FF","SF"},0),WORKDAY.INTL(OFFSET(hdr_FcFinish,MATCH($G14,tsk_ID,0),0),IF(N($F14)=0,0,1)+N($I14),WorkWeek,Holidays),WORKDAY.INTL(OFFSET(hdr_FcStart,MATCH($G14,tsk_ID,0),0),N($I14),WorkWeek,Holidays),WORKDAY.INTL(WORKDAY.INTL(OFFSET(hdr_FcFinish,MATCH($G14,tsk_ID,0),0),N($I14),WorkWeek,Holidays),-MAX(0,N($F14)-1),WorkWeek,Holidays),WORKDAY.INTL(WORKDAY.INTL(OFFSET(hdr_FcStart,MATCH($G14,tsk_ID,0),0),N($I14),WorkWeek,Holidays),-MAX(0,N($F14)-1),WorkWeek,Holidays)),0)) -> 46290 | AN14: =IF(OR(N($J14)=0,$AI14,$D14=""),0,IFERROR(CHOOSE(MATCH(IF($K14="","FS",$K14),{"FS","SS","FF","SF"},0),WORKDAY.INTL(OFFSET(hdr_FcFinish,MATCH($J14,tsk_ID,0),0),IF(N($F14)=0,0,1)+N($L14),WorkWeek,Holidays),WORKDAY.INTL(OFFSET(hdr_FcStart,MATCH($J14,tsk_ID,0),0),N($L14),WorkWeek,Holidays),WORKDAY.INTL(WORKDAY.INTL(OFFSET(hdr_FcFinish,MATCH($J14,tsk_ID,0),0),N($L14),WorkWeek,Holidays),-MAX(0,N($F14)-1),WorkWeek,Holidays),WORKDAY.INTL(WORKDAY.INTL(OFFSET(hdr_FcStart,MATCH($J14,tsk_ID,0),0),N($L14),WorkWeek,Holidays),-MAX(0,N($F14)-1),WorkWeek,Holidays)),0)) -> 46301 | AO14: =IF($AJ14=1,$R14,0) -> 46301 | AP14: =IF($AJ14=1,$S14,0) -> 46301 | AQ14: =IF(AND($AJ14=1,N($Z14)>0),$Z14/($AP14-$AO14+1),0) -> 0 | AR14: =IF($AJ14=1,MAX(N($F14),0.1),0) -> 0.1 | AS14: =IF($AJ14=1,$AR14*$V14,0) -> 0.1 | AT14: =IF(N($G14)=0,"",$G14&IF(AND(IF($H14="","FS",$H14)="FS",N($I14)=0),"",IF($H14="","FS",$H14)&IF(N($I14)=0,"",IF(N($I14)>0,"+","")&N($I14)&"d"))) -> 7 | AU14: =IF(N($J14)=0,"",$J14&IF(AND(IF($K14="","FS",$K14)="FS",N($L14)=0),"",IF($K14="","FS",$K14)&IF(N($L14)=0,"",IF(N($L14)>0,"+","")&N($L14)&"d"))) -> 8 | AV14: =IF(AND($AJ14=1,N($F14)=0,$V14<1),$S14+$AF14/100000,"")
A15: =IF($D15="","",COUNTA($D$6:$D15)) -> 10 | B15: =IF($D15="","",IF($AE15=1,COUNTIF($AE$6:$AE15,1)&"",IF($AG15=0,"?",OFFSET(hdr_WBS,$AG15-ROW(hdr_WBS),0)&"."&COUNTIF(INDEX($AE:$AE,$AG15+1):$AE15,$AE15)))) -> 3 | C15: 1 | D15: Build | E15: Auto | N15: =IF($D15="","",IF($AI15,MIN(OFFSET(hdr_PlanStart,$AF15+1,0,$AH15,1)),IF($E15="Manual",IF(N($M15)>0,$M15,ProjectStart),WORKDAY.INTL(MAX(ProjectStart,N($M15),$AK15,$AL15)-1,1,WorkWeek,Holidays)))) -> 46297 | O15: =IF($D15="","",IF($AI15,MAX(OFFSET(hdr_PlanFinish,$AF15+1,0,$AH15,1)),IF(N($F15)<=0,$N15,WORKDAY.INTL($N15,$F15-1,WorkWeek,Holidays)))) -> 46325 | R15: =IF($D15="","",IF($AI15,MIN(OFFSET(hdr_FcStart,$AF15+1,0,$AH15,1)),IF(N($P15)>0,$P15,IF($E15="Manual",IF(N($M15)>0,$M15,ProjectStart),WORKDAY.INTL(MAX(ProjectStart,N($M15),$AM15,$AN15,IF(RescheduleAfterStatus="Yes",StatusDate,0))-1,1,WorkWeek,Holidays))))) -> 46302 | S15: =IF($D15="","",IF($AI15,MAX(OFFSET(hdr_FcFinish,$AF15+1,0,$AH15,1)),IF(N($Q15)>0,$Q15,IF(N($F15)<=0,$R15,IF(AND(N($P15)>0,RescheduleAfterStatus="Yes"),MAX(WORKDAY.INTL($R15,$F15-1,WorkWeek,Holidays),WORKDAY.INTL(StatusWorkday,MAX(0,ROUNDUP($F15*(1-MIN(1,N($U15))),0)-1),WorkWeek,Holidays)),WORKDAY.INTL($R15,$F15-1,WorkWeek,Holidays)))))) -> 46335 | T15: =IF($D15="","",IF($S15>=$O15,NETWORKDAYS.INTL($O15,$S15,WorkWeek,Holidays)-1,1-NETWORKDAYS.INTL($S15,$O15,WorkWeek,Holidays))) -> 6 | V15: =IF($D15="","",IF($AI15,IFERROR(SUM(OFFSET(hdr_WtDone,$AF15+1,0,$AH15,1))/SUM(OFFSET(hdr_WtDur,$AF15+1,0,$AH15,1)),0),IF(N($Q15)>0,1,MIN(1,N($U15))))) -> 0.45130641 | W15: =IF($D15="","",IF($V15>=1,"Complete",IF(OR(N($P15)>0,$V15>0),IF($T15>0,"Behind","In Progress"),IF($N15<StatusDate,"Late Start","Not Started")))) -> Behind | Z15: =IF($D15="","",IF($AI15,SUMPRODUCT(OFFSET(hdr_Work,$AF15+1,0,$AH15,1),OFFSET(hdr_IsLeaf,$AF15+1,0,$AH15,1)),IF($X15="",0,N($F15)*HoursPerDay*IF($Y15="",DefaultUnits,$Y15)))) -> 324 | AA15: =IF($D15="","",IF($AI15,SUMPRODUCT(OFFSET(hdr_Cost,$AF15+1,0,$AH15,1),OFFSET(hdr_IsLeaf,$AF15+1,0,$AH15,1)),$Z15*IFERROR(INDEX(res_Rate,MATCH($X15,res_Name,0)),0))) -> 26700 | AB15: =IF(OR($D15="",$AI15),"",IF(OR($R15<Sprint1Start,$R15>SprintLastEnd),"Backlog",INDEX(spr_Name,MATCH($R15,spr_Start,1)))) | AC15: =IF($D15="","",$AT15&IF(AND($AT15<>"",$AU15<>""),",","")&$AU15) | AE15: =IF($D15="","",MAX(1,N($C15))) -> 1 | AF15: =ROW()-ROW(hdr_ID) -> 10 | AG15: =IF(OR($D15="",$AE15<=1),0,IFERROR(LOOKUP(2,1/($AE$5:$AE14=$AE15-1),ROW($AE$5:$AE14)),0)) -> 0 | AH15: =IF($D15="",0,COUNTIF(tsk_WBS,$B15&".*")) -> 9 | AI15: =$AH15>0 -> TRUE | AJ15: =IF(AND($D15<>"",NOT($AI15)),1,0) -> 0 | AK15: =IF(OR(N($G15)=0,$AI15,$D15=""),0,IFERROR(CHOOSE(MATCH(IF($H15="","FS",$H15),{"FS","SS","FF","SF"},0),WORKDAY.INTL(OFFSET(hdr_PlanFinish,MATCH($G15,tsk_ID,0),0),IF(N($F15)=0,0,1)+N($I15),WorkWeek,Holidays),WORKDAY.INTL(OFFSET(hdr_PlanStart,MATCH($G15,tsk_ID,0),0),N($I15),WorkWeek,Holidays),WORKDAY.INTL(WORKDAY.INTL(OFFSET(hdr_PlanFinish,MATCH($G15,tsk_ID,0),0),N($I15),WorkWeek,Holidays),-MAX(0,N($F15)-1),WorkWeek,Holidays),WORKDAY.INTL(WORKDAY.INTL(OFFSET(hdr_PlanStart,MATCH($G15,tsk_ID,0),0),N($I15),WorkWeek,Holidays),-MAX(0,N($F15)-1),WorkWeek,Holidays)),0)) -> 0 | AL15: =IF(OR(N($J15)=0,$AI15,$D15=""),0,IFERROR(CHOOSE(MATCH(IF($K15="","FS",$K15),{"FS","SS","FF","SF"},0),WORKDAY.INTL(OFFSET(hdr_PlanFinish,MATCH($J15,tsk_ID,0),0),IF(N($F15)=0,0,1)+N($L15),WorkWeek,Holidays),WORKDAY.INTL(OFFSET(hdr_PlanStart,MATCH($J15,tsk_ID,0),0),N($L15),WorkWeek,Holidays),WORKDAY.INTL(WORKDAY.INTL(OFFSET(hdr_PlanFinish,MATCH($J15,tsk_ID,0),0),N($L15),WorkWeek,Holidays),-MAX(0,N($F15)-1),WorkWeek,Holidays),WORKDAY.INTL(WORKDAY.INTL(OFFSET(hdr_PlanStart,MATCH($J15,tsk_ID,0),0),N($L15),WorkWeek,Holidays),-MAX(0,N($F15)-1),WorkWeek,Holidays)),0)) -> 0 | AM15: =IF(OR(N($G15)=0,$AI15,$D15=""),0,IFERROR(CHOOSE(MATCH(IF($H15="","FS",$H15),{"FS","SS","FF","SF"},0),WORKDAY.INTL(OFFSET(hdr_FcFinish,MATCH($G15,tsk_ID,0),0),IF(N($F15)=0,0,1)+N($I15),WorkWeek,Holidays),WORKDAY.INTL(OFFSET(hdr_FcStart,MATCH($G15,tsk_ID,0),0),N($I15),WorkWeek,Holidays),WORKDAY.INTL(WORKDAY.INTL(OFFSET(hdr_FcFinish,MATCH($G15,tsk_ID,0),0),N($I15),WorkWeek,Holidays),-MAX(0,N($F15)-1),WorkWeek,Holidays),WORKDAY.INTL(WORKDAY.INTL(OFFSET(hdr_FcStart,MATCH($G15,tsk_ID,0),0),N($I15),WorkWeek,Holidays),-MAX(0,N($F15)-1),WorkWeek,Holidays)),0)) -> 0 | AN15: =IF(OR(N($J15)=0,$AI15,$D15=""),0,IFERROR(CHOOSE(MATCH(IF($K15="","FS",$K15),{"FS","SS","FF","SF"},0),WORKDAY.INTL(OFFSET(hdr_FcFinish,MATCH($J15,tsk_ID,0),0),IF(N($F15)=0,0,1)+N($L15),WorkWeek,Holidays),WORKDAY.INTL(OFFSET(hdr_FcStart,MATCH($J15,tsk_ID,0),0),N($L15),WorkWeek,Holidays),WORKDAY.INTL(WORKDAY.INTL(OFFSET(hdr_FcFinish,MATCH($J15,tsk_ID,0),0),N($L15),WorkWeek,Holidays),-MAX(0,N($F15)-1),WorkWeek,Holidays),WORKDAY.INTL(WORKDAY.INTL(OFFSET(hdr_FcStart,MATCH($J15,tsk_ID,0),0),N($L15),WorkWeek,Holidays),-MAX(0,N($F15)-1),WorkWeek,Holidays)),0)) -> 0 | AO15: =IF($AJ15=1,$R15,0) -> 0 | AP15: =IF($AJ15=1,$S15,0) -> 0 | AQ15: =IF(AND($AJ15=1,N($Z15)>0),$Z15/($AP15-$AO15+1),0) -> 0 | AR15: =IF($AJ15=1,MAX(N($F15),0.1),0) -> 0 | AS15: =IF($AJ15=1,$AR15*$V15,0) -> 0 | AT15: =IF(N($G15)=0,"",$G15&IF(AND(IF($H15="","FS",$H15)="FS",N($I15)=0),"",IF($H15="","FS",$H15)&IF(N($I15)=0,"",IF(N($I15)>0,"+","")&N($I15)&"d"))) | AU15: =IF(N($J15)=0,"",$J15&IF(AND(IF($K15="","FS",$K15)="FS",N($L15)=0),"",IF($K15="","FS",$K15)&IF(N($L15)=0,"",IF(N($L15)>0,"+","")&N($L15)&"d"))) | AV15: =IF(AND($AJ15=1,N($F15)=0,$V15<1),$S15+$AF15/100000,"")
A16: =IF($D16="","",COUNTA($D$6:$D16)) -> 11 | B16: =IF($D16="","",IF($AE16=1,COUNTIF($AE$6:$AE16,1)&"",IF($AG16=0,"?",OFFSET(hdr_WBS,$AG16-ROW(hdr_WBS),0)&"."&COUNTIF(INDEX($AE:$AE,$AG16+1):$AE16,$AE16)))) -> 3.1 | C16: 2 | D16: Backend | E16: Auto | N16: =IF($D16="","",IF($AI16,MIN(OFFSET(hdr_PlanStart,$AF16+1,0,$AH16,1)),IF($E16="Manual",IF(N($M16)>0,$M16,ProjectStart),WORKDAY.INTL(MAX(ProjectStart,N($M16),$AK16,$AL16)-1,1,WorkWeek,Holidays)))) -> 46297 | O16: =IF($D16="","",IF($AI16,MAX(OFFSET(hdr_PlanFinish,$AF16+1,0,$AH16,1)),IF(N($F16)<=0,$N16,WORKDAY.INTL($N16,$F16-1,WorkWeek,Holidays)))) -> 46325 | R16: =IF($D16="","",IF($AI16,MIN(OFFSET(hdr_FcStart,$AF16+1,0,$AH16,1)),IF(N($P16)>0,$P16,IF($E16="Manual",IF(N($M16)>0,$M16,ProjectStart),WORKDAY.INTL(MAX(ProjectStart,N($M16),$AM16,$AN16,IF(RescheduleAfterStatus="Yes",StatusDate,0))-1,1,WorkWeek,Holidays))))) -> 46302 | S16: =IF($D16="","",IF($AI16,MAX(OFFSET(hdr_FcFinish,$AF16+1,0,$AH16,1)),IF(N($Q16)>0,$Q16,IF(N($F16)<=0,$R16,IF(AND(N($P16)>0,RescheduleAfterStatus="Yes"),MAX(WORKDAY.INTL($R16,$F16-1,WorkWeek,Holidays),WORKDAY.INTL(StatusWorkday,MAX(0,ROUNDUP($F16*(1-MIN(1,N($U16))),0)-1),WorkWeek,Holidays)),WORKDAY.INTL($R16,$F16-1,WorkWeek,Holidays)))))) -> 46335 | T16: =IF($D16="","",IF($S16>=$O16,NETWORKDAYS.INTL($O16,$S16,WorkWeek,Holidays)-1,1-NETWORKDAYS.INTL($S16,$O16,WorkWeek,Holidays))) -> 6 | V16: =IF($D16="","",IF($AI16,IFERROR(SUM(OFFSET(hdr_WtDone,$AF16+1,0,$AH16,1))/SUM(OFFSET(hdr_WtDur,$AF16+1,0,$AH16,1)),0),IF(N($Q16)>0,1,MIN(1,N($U16))))) -> 0.47619048 | W16: =IF($D16="","",IF($V16>=1,"Complete",IF(OR(N($P16)>0,$V16>0),IF($T16>0,"Behind","In Progress"),IF($N16<StatusDate,"Late Start","Not Started")))) -> Behind | Z16: =IF($D16="","",IF($AI16,SUMPRODUCT(OFFSET(hdr_Work,$AF16+1,0,$AH16,1),OFFSET(hdr_IsLeaf,$AF16+1,0,$AH16,1)),IF($X16="",0,N($F16)*HoursPerDay*IF($Y16="",DefaultUnits,$Y16)))) -> 168 | AA16: =IF($D16="","",IF($AI16,SUMPRODUCT(OFFSET(hdr_Cost,$AF16+1,0,$AH16,1),OFFSET(hdr_IsLeaf,$AF16+1,0,$AH16,1)),$Z16*IFERROR(INDEX(res_Rate,MATCH($X16,res_Name,0)),0))) -> 14280 | AB16: =IF(OR($D16="",$AI16),"",IF(OR($R16<Sprint1Start,$R16>SprintLastEnd),"Backlog",INDEX(spr_Name,MATCH($R16,spr_Start,1)))) | AC16: =IF($D16="","",$AT16&IF(AND($AT16<>"",$AU16<>""),",","")&$AU16) | AD16: Level-2 summary with sub-tasks. | AE16: =IF($D16="","",MAX(1,N($C16))) -> 2 | AF16: =ROW()-ROW(hdr_ID) -> 11 | AG16: =IF(OR($D16="",$AE16<=1),0,IFERROR(LOOKUP(2,1/($AE$5:$AE15=$AE16-1),ROW($AE$5:$AE15)),0)) -> 15 | AH16: =IF($D16="",0,COUNTIF(tsk_WBS,$B16&".*")) -> 3 | AI16: =$AH16>0 -> TRUE | AJ16: =IF(AND($D16<>"",NOT($AI16)),1,0) -> 0 | AK16: =IF(OR(N($G16)=0,$AI16,$D16=""),0,IFERROR(CHOOSE(MATCH(IF($H16="","FS",$H16),{"FS","SS","FF","SF"},0),WORKDAY.INTL(OFFSET(hdr_PlanFinish,MATCH($G16,tsk_ID,0),0),IF(N($F16)=0,0,1)+N($I16),WorkWeek,Holidays),WORKDAY.INTL(OFFSET(hdr_PlanStart,MATCH($G16,tsk_ID,0),0),N($I16),WorkWeek,Holidays),WORKDAY.INTL(WORKDAY.INTL(OFFSET(hdr_PlanFinish,MATCH($G16,tsk_ID,0),0),N($I16),WorkWeek,Holidays),-MAX(0,N($F16)-1),WorkWeek,Holidays),WORKDAY.INTL(WORKDAY.INTL(OFFSET(hdr_PlanStart,MATCH($G16,tsk_ID,0),0),N($I16),WorkWeek,Holidays),-MAX(0,N($F16)-1),WorkWeek,Holidays)),0)) -> 0 | AL16: =IF(OR(N($J16)=0,$AI16,$D16=""),0,IFERROR(CHOOSE(MATCH(IF($K16="","FS",$K16),{"FS","SS","FF","SF"},0),WORKDAY.INTL(OFFSET(hdr_PlanFinish,MATCH($J16,tsk_ID,0),0),IF(N($F16)=0,0,1)+N($L16),WorkWeek,Holidays),WORKDAY.INTL(OFFSET(hdr_PlanStart,MATCH($J16,tsk_ID,0),0),N($L16),WorkWeek,Holidays),WORKDAY.INTL(WORKDAY.INTL(OFFSET(hdr_PlanFinish,MATCH($J16,tsk_ID,0),0),N($L16),WorkWeek,Holidays),-MAX(0,N($F16)-1),WorkWeek,Holidays),WORKDAY.INTL(WORKDAY.INTL(OFFSET(hdr_PlanStart,MATCH($J16,tsk_ID,0),0),N($L16),WorkWeek,Holidays),-MAX(0,N($F16)-1),WorkWeek,Holidays)),0)) -> 0 | AM16: =IF(OR(N($G16)=0,$AI16,$D16=""),0,IFERROR(CHOOSE(MATCH(IF($H16="","FS",$H16),{"FS","SS","FF","SF"},0),WORKDAY.INTL(OFFSET(hdr_FcFinish,MATCH($G16,tsk_ID,0),0),IF(N($F16)=0,0,1)+N($I16),WorkWeek,Holidays),WORKDAY.INTL(OFFSET(hdr_FcStart,MATCH($G16,tsk_ID,0),0),N($I16),WorkWeek,Holidays),WORKDAY.INTL(WORKDAY.INTL(OFFSET(hdr_FcFinish,MATCH($G16,tsk_ID,0),0),N($I16),WorkWeek,Holidays),-MAX(0,N($F16)-1),WorkWeek,Holidays),WORKDAY.INTL(WORKDAY.INTL(OFFSET(hdr_FcStart,MATCH($G16,tsk_ID,0),0),N($I16),WorkWeek,Holidays),-MAX(0,N($F16)-1),WorkWeek,Holidays)),0)) -> 0 | AN16: =IF(OR(N($J16)=0,$AI16,$D16=""),0,IFERROR(CHOOSE(MATCH(IF($K16="","FS",$K16),{"FS","SS","FF","SF"},0),WORKDAY.INTL(OFFSET(hdr_FcFinish,MATCH($J16,tsk_ID,0),0),IF(N($F16)=0,0,1)+N($L16),WorkWeek,Holidays),WORKDAY.INTL(OFFSET(hdr_FcStart,MATCH($J16,tsk_ID,0),0),N($L16),WorkWeek,Holidays),WORKDAY.INTL(WORKDAY.INTL(OFFSET(hdr_FcFinish,MATCH($J16,tsk_ID,0),0),N($L16),WorkWeek,Holidays),-MAX(0,N($F16)-1),WorkWeek,Holidays),WORKDAY.INTL(WORKDAY.INTL(OFFSET(hdr_FcStart,MATCH($J16,tsk_ID,0),0),N($L16),WorkWeek,Holidays),-MAX(0,N($F16)-1),WorkWeek,Holidays)),0)) -> 0 | AO16: =IF($AJ16=1,$R16,0) -> 0 | AP16: =IF($AJ16=1,$S16,0) -> 0 | AQ16: =IF(AND($AJ16=1,N($Z16)>0),$Z16/($AP16-$AO16+1),0) -> 0 | AR16: =IF($AJ16=1,MAX(N($F16),0.1),0) -> 0 | AS16: =IF($AJ16=1,$AR16*$V16,0) -> 0 | AT16: =IF(N($G16)=0,"",$G16&IF(AND(IF($H16="","FS",$H16)="FS",N($I16)=0),"",IF($H16="","FS",$H16)&IF(N($I16)=0,"",IF(N($I16)>0,"+","")&N($I16)&"d"))) | AU16: =IF(N($J16)=0,"",$J16&IF(AND(IF($K16="","FS",$K16)="FS",N($L16)=0),"",IF($K16="","FS",$K16)&IF(N($L16)=0,"",IF(N($L16)>0,"+","")&N($L16)&"d"))) | AV16: =IF(AND($AJ16=1,N($F16)=0,$V16<1),$S16+$AF16/100000,"")
A17: =IF($D17="","",COUNTA($D$6:$D17)) -> 12 | B17: =IF($D17="","",IF($AE17=1,COUNTIF($AE$6:$AE17,1)&"",IF($AG17=0,"?",OFFSET(hdr_WBS,$AG17-ROW(hdr_WBS),0)&"."&COUNTIF(INDEX($AE:$AE,$AG17+1):$AE17,$AE17)))) -> 3.1.1 | C17: 3 | D17: Data model & database setup | E17: Auto | F17: 5 | G17: 9 | H17: FS | N17: =IF($D17="","",IF($AI17,MIN(OFFSET(hdr_PlanStart,$AF17+1,0,$AH17,1)),IF($E17="Manual",IF(N($M17)>0,$M17,ProjectStart),WORKDAY.INTL(MAX(ProjectStart,N($M17),$AK17,$AL17)-1,1,WorkWeek,Holidays)))) -> 46297 | O17: =IF($D17="","",IF($AI17,MAX(OFFSET(hdr_PlanFinish,$AF17+1,0,$AH17,1)),IF(N($F17)<=0,$N17,WORKDAY.INTL($N17,$F17-1,WorkWeek,Holidays)))) -> 46303 | P17: 46302 | Q17: 46309 | R17: =IF($D17="","",IF($AI17,MIN(OFFSET(hdr_FcStart,$AF17+1,0,$AH17,1)),IF(N($P17)>0,$P17,IF($E17="Manual",IF(N($M17)>0,$M17,ProjectStart),WORKDAY.INTL(MAX(ProjectStart,N($M17),$AM17,$AN17,IF(RescheduleAfterStatus="Yes",StatusDate,0))-1,1,WorkWeek,Holidays))))) -> 46302 | S17: =IF($D17="","",IF($AI17,MAX(OFFSET(hdr_FcFinish,$AF17+1,0,$AH17,1)),IF(N($Q17)>0,$Q17,IF(N($F17)<=0,$R17,IF(AND(N($P17)>0,RescheduleAfterStatus="Yes"),MAX(WORKDAY.INTL($R17,$F17-1,WorkWeek,Holidays),WORKDAY.INTL(StatusWorkday,MAX(0,ROUNDUP($F17*(1-MIN(1,N($U17))),0)-1),WorkWeek,Holidays)),WORKDAY.INTL($R17,$F17-1,WorkWeek,Holidays)))))) -> 46309 | T17: =IF($D17="","",IF($S17>=$O17,NETWORKDAYS.INTL($O17,$S17,WorkWeek,Holidays)-1,1-NETWORKDAYS.INTL($S17,$O17,WorkWeek,Holidays))) -> 4 | U17: 1 | V17: =IF($D17="","",IF($AI17,IFERROR(SUM(OFFSET(hdr_WtDone,$AF17+1,0,$AH17,1))/SUM(OFFSET(hdr_WtDur,$AF17+1,0,$AH17,1)),0),IF(N($Q17)>0,1,MIN(1,N($U17))))) -> 1 | W17: =IF($D17="","",IF($V17>=1,"Complete",IF(OR(N($P17)>0,$V17>0),IF($T17>0,"Behind","In Progress"),IF($N17<StatusDate,"Late Start","Not Started")))) -> Complete | X17: Jordan Lee | Z17: =IF($D17="","",IF($AI17,SUMPRODUCT(OFFSET(hdr_Work,$AF17+1,0,$AH17,1),OFFSET(hdr_IsLeaf,$AF17+1,0,$AH17,1)),IF($X17="",0,N($F17)*HoursPerDay*IF($Y17="",DefaultUnits,$Y17)))) -> 40 | AA17: =IF($D17="","",IF($AI17,SUMPRODUCT(OFFSET(hdr_Cost,$AF17+1,0,$AH17,1),OFFSET(hdr_IsLeaf,$AF17+1,0,$AH17,1)),$Z17*IFERROR(INDEX(res_Rate,MATCH($X17,res_Name,0)),0))) -> 3400 | AB17: =IF(OR($D17="",$AI17),"",IF(OR($R17<Sprint1Start,$R17>SprintLastEnd),"Backlog",INDEX(spr_Name,MATCH($R17,spr_Start,1)))) -> Sprint 3 | AC17: =IF($D17="","",$AT17&IF(AND($AT17<>"",$AU17<>""),",","")&$AU17) -> 9 | AE17: =IF($D17="","",MAX(1,N($C17))) -> 3 | AF17: =ROW()-ROW(hdr_ID) -> 12 | AG17: =IF(OR($D17="",$AE17<=1),0,IFERROR(LOOKUP(2,1/($AE$5:$AE16=$AE17-1),ROW($AE$5:$AE16)),0)) -> 16 | AH17: =IF($D17="",0,COUNTIF(tsk_WBS,$B17&".*")) -> 0 | AI17: =$AH17>0 -> FALSE | AJ17: =IF(AND($D17<>"",NOT($AI17)),1,0) -> 1 | AK17: =IF(OR(N($G17)=0,$AI17,$D17=""),0,IFERROR(CHOOSE(MATCH(IF($H17="","FS",$H17),{"FS","SS","FF","SF"},0),WORKDAY.INTL(OFFSET(hdr_PlanFinish,MATCH($G17,tsk_ID,0),0),IF(N($F17)=0,0,1)+N($I17),WorkWeek,Holidays),WORKDAY.INTL(OFFSET(hdr_PlanStart,MATCH($G17,tsk_ID,0),0),N($I17),WorkWeek,Holidays),WORKDAY.INTL(WORKDAY.INTL(OFFSET(hdr_PlanFinish,MATCH($G17,tsk_ID,0),0),N($I17),WorkWeek,Holidays),-MAX(0,N($F17)-1),WorkWeek,Holidays),WORKDAY.INTL(WORKDAY.INTL(OFFSET(hdr_PlanStart,MATCH($G17,tsk_ID,0),0),N($I17),WorkWeek,Holidays),-MAX(0,N($F17)-1),WorkWeek,Holidays)),0)) -> 46297 | AL17: =IF(OR(N($J17)=0,$AI17,$D17=""),0,IFERROR(CHOOSE(MATCH(IF($K17="","FS",$K17),{"FS","SS","FF","SF"},0),WORKDAY.INTL(OFFSET(hdr_PlanFinish,MATCH($J17,tsk_ID,0),0),IF(N($F17)=0,0,1)+N($L17),WorkWeek,Holidays),WORKDAY.INTL(OFFSET(hdr_PlanStart,MATCH($J17,tsk_ID,0),0),N($L17),WorkWeek,Holidays),WORKDAY.INTL(WORKDAY.INTL(OFFSET(hdr_PlanFinish,MATCH($J17,tsk_ID,0),0),N($L17),WorkWeek,Holidays),-MAX(0,N($F17)-1),WorkWeek,Holidays),WORKDAY.INTL(WORKDAY.INTL(OFFSET(hdr_PlanStart,MATCH($J17,tsk_ID,0),0),N($L17),WorkWeek,Holidays),-MAX(0,N($F17)-1),WorkWeek,Holidays)),0)) -> 0 | AM17: =IF(OR(N($G17)=0,$AI17,$D17=""),0,IFERROR(CHOOSE(MATCH(IF($H17="","FS",$H17),{"FS","SS","FF","SF"},0),WORKDAY.INTL(OFFSET(hdr_FcFinish,MATCH($G17,tsk_ID,0),0),IF(N($F17)=0,0,1)+N($I17),WorkWeek,Holidays),WORKDAY.INTL(OFFSET(hdr_FcStart,MATCH($G17,tsk_ID,0),0),N($I17),WorkWeek,Holidays),WORKDAY.INTL(WORKDAY.INTL(OFFSET(hdr_FcFinish,MATCH($G17,tsk_ID,0),0),N($I17),WorkWeek,Holidays),-MAX(0,N($F17)-1),WorkWeek,Holidays),WORKDAY.INTL(WORKDAY.INTL(OFFSET(hdr_FcStart,MATCH($G17,tsk_ID,0),0),N($I17),WorkWeek,Holidays),-MAX(0,N($F17)-1),WorkWeek,Holidays)),0)) -> 46302 | AN17: =IF(OR(N($J17)=0,$AI17,$D17=""),0,IFERROR(CHOOSE(MATCH(IF($K17="","FS",$K17),{"FS","SS","FF","SF"},0),WORKDAY.INTL(OFFSET(hdr_FcFinish,MATCH($J17,tsk_ID,0),0),IF(N($F17)=0,0,1)+N($L17),WorkWeek,Holidays),WORKDAY.INTL(OFFSET(hdr_FcStart,MATCH($J17,tsk_ID,0),0),N($L17),WorkWeek,Holidays),WORKDAY.INTL(WORKDAY.INTL(OFFSET(hdr_FcFinish,MATCH($J17,tsk_ID,0),0),N($L17),WorkWeek,Holidays),-MAX(0,N($F17)-1),WorkWeek,Holidays),WORKDAY.INTL(WORKDAY.INTL(OFFSET(hdr_FcStart,MATCH($J17,tsk_ID,0),0),N($L17),WorkWeek,Holidays),-MAX(0,N($F17)-1),WorkWeek,Holidays)),0)) -> 0 | AO17: =IF($AJ17=1,$R17,0) -> 46302 | AP17: =IF($AJ17=1,$S17,0) -> 46309 | AQ17: =IF(AND($AJ17=1,N($Z17)>0),$Z17/($AP17-$AO17+1),0) -> 5 | AR17: =IF($AJ17=1,MAX(N($F17),0.1),0) -> 5 | AS17: =IF($AJ17=1,$AR17*$V17,0) -> 5 | AT17: =IF(N($G17)=0,"",$G17&IF(AND(IF($H17="","FS",$H17)="FS",N($I17)=0),"",IF($H17="","FS",$H17)&IF(N($I17)=0,"",IF(N($I17)>0,"+","")&N($I17)&"d"))) -> 9 | AU17: =IF(N($J17)=0,"",$J17&IF(AND(IF($K17="","FS",$K17)="FS",N($L17)=0),"",IF($K17="","FS",$K17)&IF(N($L17)=0,"",IF(N($L17)>0,"+","")&N($L17)&"d"))) | AV17: =IF(AND($AJ17=1,N($F17)=0,$V17<1),$S17+$AF17/100000,"")
A18: =IF($D18="","",COUNTA($D$6:$D18)) -> 13 | B18: =IF($D18="","",IF($AE18=1,COUNTIF($AE$6:$AE18,1)&"",IF($AG18=0,"?",OFFSET(hdr_WBS,$AG18-ROW(hdr_WBS),0)&"."&COUNTIF(INDEX($AE:$AE,$AG18+1):$AE18,$AE18)))) -> 3.1.2 | C18: 3 | D18: Core API endpoints | E18: Auto | F18: 10 | G18: 12 | H18: FS | N18: =IF($D18="","",IF($AI18,MIN(OFFSET(hdr_PlanStart,$AF18+1,0,$AH18,1)),IF($E18="Manual",IF(N($M18)>0,$M18,ProjectStart),WORKDAY.INTL(MAX(ProjectStart,N($M18),$AK18,$AL18)-1,1,WorkWeek,Holidays)))) -> 46304 | O18: =IF($D18="","",IF($AI18,MAX(OFFSET(hdr_PlanFinish,$AF18+1,0,$AH18,1)),IF(N($F18)<=0,$N18,WORKDAY.INTL($N18,$F18-1,WorkWeek,Holidays)))) -> 46317 | P18: 46310 | R18: =IF($D18="","",IF($AI18,MIN(OFFSET(hdr_FcStart,$AF18+1,0,$AH18,1)),IF(N($P18)>0,$P18,IF($E18="Manual",IF(N($M18)>0,$M18,ProjectStart),WORKDAY.INTL(MAX(ProjectStart,N($M18),$AM18,$AN18,IF(RescheduleAfterStatus="Yes",StatusDate,0))-1,1,WorkWeek,Holidays))))) -> 46310 | S18: =IF($D18="","",IF($AI18,MAX(OFFSET(hdr_FcFinish,$AF18+1,0,$AH18,1)),IF(N($Q18)>0,$Q18,IF(N($F18)<=0,$R18,IF(AND(N($P18)>0,RescheduleAfterStatus="Yes"),MAX(WORKDAY.INTL($R18,$F18-1,WorkWeek,Holidays),WORKDAY.INTL(StatusWorkday,MAX(0,ROUNDUP($F18*(1-MIN(1,N($U18))),0)-1),WorkWeek,Holidays)),WORKDAY.INTL($R18,$F18-1,WorkWeek,Holidays)))))) -> 46325 | T18: =IF($D18="","",IF($S18>=$O18,NETWORKDAYS.INTL($O18,$S18,WorkWeek,Holidays)-1,1-NETWORKDAYS.INTL($S18,$O18,WorkWeek,Holidays))) -> 6 | U18: 0.5 | V18: =IF($D18="","",IF($AI18,IFERROR(SUM(OFFSET(hdr_WtDone,$AF18+1,0,$AH18,1))/SUM(OFFSET(hdr_WtDur,$AF18+1,0,$AH18,1)),0),IF(N($Q18)>0,1,MIN(1,N($U18))))) -> 0.5 | W18: =IF($D18="","",IF($V18>=1,"Complete",IF(OR(N($P18)>0,$V18>0),IF($T18>0,"Behind","In Progress"),IF($N18<StatusDate,"Late Start","Not Started")))) -> Behind | X18: Jordan Lee | Z18: =IF($D18="","",IF($AI18,SUMPRODUCT(OFFSET(hdr_Work,$AF18+1,0,$AH18,1),OFFSET(hdr_IsLeaf,$AF18+1,0,$AH18,1)),IF($X18="",0,N($F18)*HoursPerDay*IF($Y18="",DefaultUnits,$Y18)))) -> 80 | AA18: =IF($D18="","",IF($AI18,SUMPRODUCT(OFFSET(hdr_Cost,$AF18+1,0,$AH18,1),OFFSET(hdr_IsLeaf,$AF18+1,0,$AH18,1)),$Z18*IFERROR(INDEX(res_Rate,MATCH($X18,res_Name,0)),0))) -> 6800 | AB18: =IF(OR($D18="",$AI18),"",IF(OR($R18<Sprint1Start,$R18>SprintLastEnd),"Backlog",INDEX(spr_Name,MATCH($R18,spr_Start,1)))) -> Sprint 3 | AC18: =IF($D18="","",$AT18&IF(AND($AT18<>"",$AU18<>""),",","")&$AU18) -> 12 | AD18: In progress - enter % Complete; forecast finish adjusts. | AE18: =IF($D18="","",MAX(1,N($C18))) -> 3 | AF18: =ROW()-ROW(hdr_ID) -> 13 | AG18: =IF(OR($D18="",$AE18<=1),0,IFERROR(LOOKUP(2,1/($AE$5:$AE17=$AE18-1),ROW($AE$5:$AE17)),0)) -> 16 | AH18: =IF($D18="",0,COUNTIF(tsk_WBS,$B18&".*")) -> 0 | AI18: =$AH18>0 -> FALSE | AJ18: =IF(AND($D18<>"",NOT($AI18)),1,0) -> 1 | AK18: =IF(OR(N($G18)=0,$AI18,$D18=""),0,IFERROR(CHOOSE(MATCH(IF($H18="","FS",$H18),{"FS","SS","FF","SF"},0),WORKDAY.INTL(OFFSET(hdr_PlanFinish,MATCH($G18,tsk_ID,0),0),IF(N($F18)=0,0,1)+N($I18),WorkWeek,Holidays),WORKDAY.INTL(OFFSET(hdr_PlanStart,MATCH($G18,tsk_ID,0),0),N($I18),WorkWeek,Holidays),WORKDAY.INTL(WORKDAY.INTL(OFFSET(hdr_PlanFinish,MATCH($G18,tsk_ID,0),0),N($I18),WorkWeek,Holidays),-MAX(0,N($F18)-1),WorkWeek,Holidays),WORKDAY.INTL(WORKDAY.INTL(OFFSET(hdr_PlanStart,MATCH($G18,tsk_ID,0),0),N($I18),WorkWeek,Holidays),-MAX(0,N($F18)-1),WorkWeek,Holidays)),0)) -> 46304 | AL18: =IF(OR(N($J18)=0,$AI18,$D18=""),0,IFERROR(CHOOSE(MATCH(IF($K18="","FS",$K18),{"FS","SS","FF","SF"},0),WORKDAY.INTL(OFFSET(hdr_PlanFinish,MATCH($J18,tsk_ID,0),0),IF(N($F18)=0,0,1)+N($L18),WorkWeek,Holidays),WORKDAY.INTL(OFFSET(hdr_PlanStart,MATCH($J18,tsk_ID,0),0),N($L18),WorkWeek,Holidays),WORKDAY.INTL(WORKDAY.INTL(OFFSET(hdr_PlanFinish,MATCH($J18,tsk_ID,0),0),N($L18),WorkWeek,Holidays),-MAX(0,N($F18)-1),WorkWeek,Holidays),WORKDAY.INTL(WORKDAY.INTL(OFFSET(hdr_PlanStart,MATCH($J18,tsk_ID,0),0),N($L18),WorkWeek,Holidays),-MAX(0,N($F18)-1),WorkWeek,Holidays)),0)) -> 0 | AM18: =IF(OR(N($G18)=0,$AI18,$D18=""),0,IFERROR(CHOOSE(MATCH(IF($H18="","FS",$H18),{"FS","SS","FF","SF"},0),WORKDAY.INTL(OFFSET(hdr_FcFinish,MATCH($G18,tsk_ID,0),0),IF(N($F18)=0,0,1)+N($I18),WorkWeek,Holidays),WORKDAY.INTL(OFFSET(hdr_FcStart,MATCH($G18,tsk_ID,0),0),N($I18),WorkWeek,Holidays),WORKDAY.INTL(WORKDAY.INTL(OFFSET(hdr_FcFinish,MATCH($G18,tsk_ID,0),0),N($I18),WorkWeek,Holidays),-MAX(0,N($F18)-1),WorkWeek,Holidays),WORKDAY.INTL(WORKDAY.INTL(OFFSET(hdr_FcStart,MATCH($G18,tsk_ID,0),0),N($I18),WorkWeek,Holidays),-MAX(0,N($F18)-1),WorkWeek,Holidays)),0)) -> 46310 | AN18: =IF(OR(N($J18)=0,$AI18,$D18=""),0,IFERROR(CHOOSE(MATCH(IF($K18="","FS",$K18),{"FS","SS","FF","SF"},0),WORKDAY.INTL(OFFSET(hdr_FcFinish,MATCH($J18,tsk_ID,0),0),IF(N($F18)=0,0,1)+N($L18),WorkWeek,Holidays),WORKDAY.INTL(OFFSET(hdr_FcStart,MATCH($J18,tsk_ID,0),0),N($L18),WorkWeek,Holidays),WORKDAY.INTL(WORKDAY.INTL(OFFSET(hdr_FcFinish,MATCH($J18,tsk_ID,0),0),N($L18),WorkWeek,Holidays),-MAX(0,N($F18)-1),WorkWeek,Holidays),WORKDAY.INTL(WORKDAY.INTL(OFFSET(hdr_FcStart,MATCH($J18,tsk_ID,0),0),N($L18),WorkWeek,Holidays),-MAX(0,N($F18)-1),WorkWeek,Holidays)),0)) -> 0 | AO18: =IF($AJ18=1,$R18,0) -> 46310 | AP18: =IF($AJ18=1,$S18,0) -> 46325 | AQ18: =IF(AND($AJ18=1,N($Z18)>0),$Z18/($AP18-$AO18+1),0) -> 5 | AR18: =IF($AJ18=1,MAX(N($F18),0.1),0) -> 10 | AS18: =IF($AJ18=1,$AR18*$V18,0) -> 5 | AT18: =IF(N($G18)=0,"",$G18&IF(AND(IF($H18="","FS",$H18)="FS",N($I18)=0),"",IF($H18="","FS",$H18)&IF(N($I18)=0,"",IF(N($I18)>0,"+","")&N($I18)&"d"))) -> 12 | AU18: =IF(N($J18)=0,"",$J18&IF(AND(IF($K18="","FS",$K18)="FS",N($L18)=0),"",IF($K18="","FS",$K18)&IF(N($L18)=0,"",IF(N($L18)>0,"+","")&N($L18)&"d"))) | AV18: =IF(AND($AJ18=1,N($F18)=0,$V18<1),$S18+$AF18/100000,"")
A19: =IF($D19="","",COUNTA($D$6:$D19)) -> 14 | B19: =IF($D19="","",IF($AE19=1,COUNTIF($AE$6:$AE19,1)&"",IF($AG19=0,"?",OFFSET(hdr_WBS,$AG19-ROW(hdr_WBS),0)&"."&COUNTIF(INDEX($AE:$AE,$AG19+1):$AE19,$AE19)))) -> 3.1.3 | C19: 3 | D19: Payment gateway integration | E19: Auto | F19: 6 | G19: 13 | H19: FS | N19: =IF($D19="","",IF($AI19,MIN(OFFSET(hdr_PlanStart,$AF19+1,0,$AH19,1)),IF($E19="Manual",IF(N($M19)>0,$M19,ProjectStart),WORKDAY.INTL(MAX(ProjectStart,N($M19),$AK19,$AL19)-1,1,WorkWeek,Holidays)))) -> 46318 | O19: =IF($D19="","",IF($AI19,MAX(OFFSET(hdr_PlanFinish,$AF19+1,0,$AH19,1)),IF(N($F19)<=0,$N19,WORKDAY.INTL($N19,$F19-1,WorkWeek,Holidays)))) -> 46325 | R19: =IF($D19="","",IF($AI19,MIN(OFFSET(hdr_FcStart,$AF19+1,0,$AH19,1)),IF(N($P19)>0,$P19,IF($E19="Manual",IF(N($M19)>0,$M19,ProjectStart),WORKDAY.INTL(MAX(ProjectStart,N($M19),$AM19,$AN19,IF(RescheduleAfterStatus="Yes",StatusDate,0))-1,1,WorkWeek,Holidays))))) -> 46328 | S19: =IF($D19="","",IF($AI19,MAX(OFFSET(hdr_FcFinish,$AF19+1,0,$AH19,1)),IF(N($Q19)>0,$Q19,IF(N($F19)<=0,$R19,IF(AND(N($P19)>0,RescheduleAfterStatus="Yes"),MAX(WORKDAY.INTL($R19,$F19-1,WorkWeek,Holidays),WORKDAY.INTL(StatusWorkday,MAX(0,ROUNDUP($F19*(1-MIN(1,N($U19))),0)-1),WorkWeek,Holidays)),WORKDAY.INTL($R19,$F19-1,WorkWeek,Holidays)))))) -> 46335 | T19: =IF($D19="","",IF($S19>=$O19,NETWORKDAYS.INTL($O19,$S19,WorkWeek,Holidays)-1,1-NETWORKDAYS.INTL($S19,$O19,WorkWeek,Holidays))) -> 6 | V19: =IF($D19="","",IF($AI19,IFERROR(SUM(OFFSET(hdr_WtDone,$AF19+1,0,$AH19,1))/SUM(OFFSET(hdr_WtDur,$AF19+1,0,$AH19,1)),0),IF(N($Q19)>0,1,MIN(1,N($U19))))) -> 0 | W19: =IF($D19="","",IF($V19>=1,"Complete",IF(OR(N($P19)>0,$V19>0),IF($T19>0,"Behind","In Progress"),IF($N19<StatusDate,"Late Start","Not Started")))) -> Late Start | X19: Jordan Lee | Z19: =IF($D19="","",IF($AI19,SUMPRODUCT(OFFSET(hdr_Work,$AF19+1,0,$AH19,1),OFFSET(hdr_IsLeaf,$AF19+1,0,$AH19,1)),IF($X19="",0,N($F19)*HoursPerDay*IF($Y19="",DefaultUnits,$Y19)))) -> 48 | AA19: =IF($D19="","",IF($AI19,SUMPRODUCT(OFFSET(hdr_Cost,$AF19+1,0,$AH19,1),OFFSET(hdr_IsLeaf,$AF19+1,0,$AH19,1)),$Z19*IFERROR(INDEX(res_Rate,MATCH($X19,res_Name,0)),0))) -> 4080 | AB19: =IF(OR($D19="",$AI19),"",IF(OR($R19<Sprint1Start,$R19>SprintLastEnd),"Backlog",INDEX(spr_Name,MATCH($R19,spr_Start,1)))) -> Sprint 5 | AC19: =IF($D19="","",$AT19&IF(AND($AT19<>"",$AU19<>""),",","")&$AU19) -> 13 | AE19: =IF($D19="","",MAX(1,N($C19))) -> 3 | AF19: =ROW()-ROW(hdr_ID) -> 14 | AG19: =IF(OR($D19="",$AE19<=1),0,IFERROR(LOOKUP(2,1/($AE$5:$AE18=$AE19-1),ROW($AE$5:$AE18)),0)) -> 16 | AH19: =IF($D19="",0,COUNTIF(tsk_WBS,$B19&".*")) -> 0 | AI19: =$AH19>0 -> FALSE | AJ19: =IF(AND($D19<>"",NOT($AI19)),1,0) -> 1 | AK19: =IF(OR(N($G19)=0,$AI19,$D19=""),0,IFERROR(CHOOSE(MATCH(IF($H19="","FS",$H19),{"FS","SS","FF","SF"},0),WORKDAY.INTL(OFFSET(hdr_PlanFinish,MATCH($G19,tsk_ID,0),0),IF(N($F19)=0,0,1)+N($I19),WorkWeek,Holidays),WORKDAY.INTL(OFFSET(hdr_PlanStart,MATCH($G19,tsk_ID,0),0),N($I19),WorkWeek,Holidays),WORKDAY.INTL(WORKDAY.INTL(OFFSET(hdr_PlanFinish,MATCH($G19,tsk_ID,0),0),N($I19),WorkWeek,Holidays),-MAX(0,N($F19)-1),WorkWeek,Holidays),WORKDAY.INTL(WORKDAY.INTL(OFFSET(hdr_PlanStart,MATCH($G19,tsk_ID,0),0),N($I19),WorkWeek,Holidays),-MAX(0,N($F19)-1),WorkWeek,Holidays)),0)) -> 46318 | AL19: =IF(OR(N($J19)=0,$AI19,$D19=""),0,IFERROR(CHOOSE(MATCH(IF($K19="","FS",$K19),{"FS","SS","FF","SF"},0),WORKDAY.INTL(OFFSET(hdr_PlanFinish,MATCH($J19,tsk_ID,0),0),IF(N($F19)=0,0,1)+N($L19),WorkWeek,Holidays),WORKDAY.INTL(OFFSET(hdr_PlanStart,MATCH($J19,tsk_ID,0),0),N($L19),WorkWeek,Holidays),WORKDAY.INTL(WORKDAY.INTL(OFFSET(hdr_PlanFinish,MATCH($J19,tsk_ID,0),0),N($L19),WorkWeek,Holidays),-MAX(0,N($F19)-1),WorkWeek,Holidays),WORKDAY.INTL(WORKDAY.INTL(OFFSET(hdr_PlanStart,MATCH($J19,tsk_ID,0),0),N($L19),WorkWeek,Holidays),-MAX(0,N($F19)-1),WorkWeek,Holidays)),0)) -> 0 | AM19: =IF(OR(N($G19)=0,$AI19,$D19=""),0,IFERROR(CHOOSE(MATCH(IF($H19="","FS",$H19),{"FS","SS","FF","SF"},0),WORKDAY.INTL(OFFSET(hdr_FcFinish,MATCH($G19,tsk_ID,0),0),IF(N($F19)=0,0,1)+N($I19),WorkWeek,Holidays),WORKDAY.INTL(OFFSET(hdr_FcStart,MATCH($G19,tsk_ID,0),0),N($I19),WorkWeek,Holidays),WORKDAY.INTL(WORKDAY.INTL(OFFSET(hdr_FcFinish,MATCH($G19,tsk_ID,0),0),N($I19),WorkWeek,Holidays),-MAX(0,N($F19)-1),WorkWeek,Holidays),WORKDAY.INTL(WORKDAY.INTL(OFFSET(hdr_FcStart,MATCH($G19,tsk_ID,0),0),N($I19),WorkWeek,Holidays),-MAX(0,N($F19)-1),WorkWeek,Holidays)),0)) -> 46328 | AN19: =IF(OR(N($J19)=0,$AI19,$D19=""),0,IFERROR(CHOOSE(MATCH(IF($K19="","FS",$K19),{"FS","SS","FF","SF"},0),WORKDAY.INTL(OFFSET(hdr_FcFinish,MATCH($J19,tsk_ID,0),0),IF(N($F19)=0,0,1)+N($L19),WorkWeek,Holidays),WORKDAY.INTL(OFFSET(hdr_FcStart,MATCH($J19,tsk_ID,0),0),N($L19),WorkWeek,Holidays),WORKDAY.INTL(WORKDAY.INTL(OFFSET(hdr_FcFinish,MATCH($J19,tsk_ID,0),0),N($L19),WorkWeek,Holidays),-MAX(0,N($F19)-1),WorkWeek,Holidays),WORKDAY.INTL(WORKDAY.INTL(OFFSET(hdr_FcStart,MATCH($J19,tsk_ID,0),0),N($L19),WorkWeek,Holidays),-MAX(0,N($F19)-1),WorkWeek,Holidays)),0)) -> 0 | AO19: =IF($AJ19=1,$R19,0) -> 46328 | AP19: =IF($AJ19=1,$S19,0) -> 46335 | AQ19: =IF(AND($AJ19=1,N($Z19)>0),$Z19/($AP19-$AO19+1),0) -> 6 | AR19: =IF($AJ19=1,MAX(N($F19),0.1),0) -> 6 | AS19: =IF($AJ19=1,$AR19*$V19,0) -> 0 | AT19: =IF(N($G19)=0,"",$G19&IF(AND(IF($H19="","FS",$H19)="FS",N($I19)=0),"",IF($H19="","FS",$H19)&IF(N($I19)=0,"",IF(N($I19)>0,"+","")&N($I19)&"d"))) -> 13 | AU19: =IF(N($J19)=0,"",$J19&IF(AND(IF($K19="","FS",$K19)="FS",N($L19)=0),"",IF($K19="","FS",$K19)&IF(N($L19)=0,"",IF(N($L19)>0,"+","")&N($L19)&"d"))) | AV19: =IF(AND($AJ19=1,N($F19)=0,$V19<1),$S19+$AF19/100000,"")
A20: =IF($D20="","",COUNTA($D$6:$D20)) -> 15 | B20: =IF($D20="","",IF($AE20=1,COUNTIF($AE$6:$AE20,1)&"",IF($AG20=0,"?",OFFSET(hdr_WBS,$AG20-ROW(hdr_WBS),0)&"."&COUNTIF(INDEX($AE:$AE,$AG20+1):$AE20,$AE20)))) -> 3.2 | C20: 2 | D20: Frontend | E20: Auto | N20: =IF($D20="","",IF($AI20,MIN(OFFSET(hdr_PlanStart,$AF20+1,0,$AH20,1)),IF($E20="Manual",IF(N($M20)>0,$M20,ProjectStart),WORKDAY.INTL(MAX(ProjectStart,N($M20),$AK20,$AL20)-1,1,WorkWeek,Holidays)))) -> 46297 | O20: =IF($D20="","",IF($AI20,MAX(OFFSET(hdr_PlanFinish,$AF20+1,0,$AH20,1)),IF(N($F20)<=0,$N20,WORKDAY.INTL($N20,$F20-1,WorkWeek,Holidays)))) -> 46324 | R20: =IF($D20="","",IF($AI20,MIN(OFFSET(hdr_FcStart,$AF20+1,0,$AH20,1)),IF(N($P20)>0,$P20,IF($E20="Manual",IF(N($M20)>0,$M20,ProjectStart),WORKDAY.INTL(MAX(ProjectStart,N($M20),$AM20,$AN20,IF(RescheduleAfterStatus="Yes",StatusDate,0))-1,1,WorkWeek,Holidays))))) -> 46302 | S20: =IF($D20="","",IF($AI20,MAX(OFFSET(hdr_FcFinish,$AF20+1,0,$AH20,1)),IF(N($Q20)>0,$Q20,IF(N($F20)<=0,$R20,IF(AND(N($P20)>0,RescheduleAfterStatus="Yes"),MAX(WORKDAY.INTL($R20,$F20-1,WorkWeek,Holidays),WORKDAY.INTL(StatusWorkday,MAX(0,ROUNDUP($F20*(1-MIN(1,N($U20))),0)-1),WorkWeek,Holidays)),WORKDAY.INTL($R20,$F20-1,WorkWeek,Holidays)))))) -> 46332 | T20: =IF($D20="","",IF($S20>=$O20,NETWORKDAYS.INTL($O20,$S20,WorkWeek,Holidays)-1,1-NETWORKDAYS.INTL($S20,$O20,WorkWeek,Holidays))) -> 6 | V20: =IF($D20="","",IF($AI20,IFERROR(SUM(OFFSET(hdr_WtDone,$AF20+1,0,$AH20,1))/SUM(OFFSET(hdr_WtDur,$AF20+1,0,$AH20,1)),0),IF(N($Q20)>0,1,MIN(1,N($U20))))) -> 0.42857143 | W20: =IF($D20="","",IF($V20>=1,"Complete",IF(OR(N($P20)>0,$V20>0),IF($T20>0,"Behind","In Progress"),IF($N20<StatusDate,"Late Start","Not Started")))) -> Behind | Z20: =IF($D20="","",IF($AI20,SUMPRODUCT(OFFSET(hdr_Work,$AF20+1,0,$AH20,1),OFFSET(hdr_IsLeaf,$AF20+1,0,$AH20,1)),IF($X20="",0,N($F20)*HoursPerDay*IF($Y20="",DefaultUnits,$Y20)))) -> 156 | AA20: =IF($D20="","",IF($AI20,SUMPRODUCT(OFFSET(hdr_Cost,$AF20+1,0,$AH20,1),OFFSET(hdr_IsLeaf,$AF20+1,0,$AH20,1)),$Z20*IFERROR(INDEX(res_Rate,MATCH($X20,res_Name,0)),0))) -> 12420 | AB20: =IF(OR($D20="",$AI20),"",IF(OR($R20<Sprint1Start,$R20>SprintLastEnd),"Backlog",INDEX(spr_Name,MATCH($R20,spr_Start,1)))) | AC20: =IF($D20="","",$AT20&IF(AND($AT20<>"",$AU20<>""),",","")&$AU20) | AE20: =IF($D20="","",MAX(1,N($C20))) -> 2 | AF20: =ROW()-ROW(hdr_ID) -> 15 | AG20: =IF(OR($D20="",$AE20<=1),0,IFERROR(LOOKUP(2,1/($AE$5:$AE19=$AE20-1),ROW($AE$5:$AE19)),0)) -> 15 | AH20: =IF($D20="",0,COUNTIF(tsk_WBS,$B20&".*")) -> 3 | AI20: =$AH20>0 -> TRUE | AJ20: =IF(AND($D20<>"",NOT($AI20)),1,0) -> 0 | AK20: =IF(OR(N($G20)=0,$AI20,$D20=""),0,IFERROR(CHOOSE(MATCH(IF($H20="","FS",$H20),{"FS","SS","FF","SF"},0),WORKDAY.INTL(OFFSET(hdr_PlanFinish,MATCH($G20,tsk_ID,0),0),IF(N($F20)=0,0,1)+N($I20),WorkWeek,Holidays),WORKDAY.INTL(OFFSET(hdr_PlanStart,MATCH($G20,tsk_ID,0),0),N($I20),WorkWeek,Holidays),WORKDAY.INTL(WORKDAY.INTL(OFFSET(hdr_PlanFinish,MATCH($G20,tsk_ID,0),0),N($I20),WorkWeek,Holidays),-MAX(0,N($F20)-1),WorkWeek,Holidays),WORKDAY.INTL(WORKDAY.INTL(OFFSET(hdr_PlanStart,MATCH($G20,tsk_ID,0),0),N($I20),WorkWeek,Holidays),-MAX(0,N($F20)-1),WorkWeek,Holidays)),0)) -> 0 | AL20: =IF(OR(N($J20)=0,$AI20,$D20=""),0,IFERROR(CHOOSE(MATCH(IF($K20="","FS",$K20),{"FS","SS","FF","SF"},0),WORKDAY.INTL(OFFSET(hdr_PlanFinish,MATCH($J20,tsk_ID,0),0),IF(N($F20)=0,0,1)+N($L20),WorkWeek,Holidays),WORKDAY.INTL(OFFSET(hdr_PlanStart,MATCH($J20,tsk_ID,0),0),N($L20),WorkWeek,Holidays),WORKDAY.INTL(WORKDAY.INTL(OFFSET(hdr_PlanFinish,MATCH($J20,tsk_ID,0),0),N($L20),WorkWeek,Holidays),-MAX(0,N($F20)-1),WorkWeek,Holidays),WORKDAY.INTL(WORKDAY.INTL(OFFSET(hdr_PlanStart,MATCH($J20,tsk_ID,0),0),N($L20),WorkWeek,Holidays),-MAX(0,N($F20)-1),WorkWeek,Holidays)),0)) -> 0 | AM20: =IF(OR(N($G20)=0,$AI20,$D20=""),0,IFERROR(CHOOSE(MATCH(IF($H20="","FS",$H20),{"FS","SS","FF","SF"},0),WORKDAY.INTL(OFFSET(hdr_FcFinish,MATCH($G20,tsk_ID,0),0),IF(N($F20)=0,0,1)+N($I20),WorkWeek,Holidays),WORKDAY.INTL(OFFSET(hdr_FcStart,MATCH($G20,tsk_ID,0),0),N($I20),WorkWeek,Holidays),WORKDAY.INTL(WORKDAY.INTL(OFFSET(hdr_FcFinish,MATCH($G20,tsk_ID,0),0),N($I20),WorkWeek,Holidays),-MAX(0,N($F20)-1),WorkWeek,Holidays),WORKDAY.INTL(WORKDAY.INTL(OFFSET(hdr_FcStart,MATCH($G20,tsk_ID,0),0),N($I20),WorkWeek,Holidays),-MAX(0,N($F20)-1),WorkWeek,Holidays)),0)) -> 0 | AN20: =IF(OR(N($J20)=0,$AI20,$D20=""),0,IFERROR(CHOOSE(MATCH(IF($K20="","FS",$K20),{"FS","SS","FF","SF"},0),WORKDAY.INTL(OFFSET(hdr_FcFinish,MATCH($J20,tsk_ID,0),0),IF(N($F20)=0,0,1)+N($L20),WorkWeek,Holidays),WORKDAY.INTL(OFFSET(hdr_FcStart,MATCH($J20,tsk_ID,0),0),N($L20),WorkWeek,Holidays),WORKDAY.INTL(WORKDAY.INTL(OFFSET(hdr_FcFinish,MATCH($J20,tsk_ID,0),0),N($L20),WorkWeek,Holidays),-MAX(0,N($F20)-1),WorkWeek,Holidays),WORKDAY.INTL(WORKDAY.INTL(OFFSET(hdr_FcStart,MATCH($J20,tsk_ID,0),0),N($L20),WorkWeek,Holidays),-MAX(0,N($F20)-1),WorkWeek,Holidays)),0)) -> 0 | AO20: =IF($AJ20=1,$R20,0) -> 0 | AP20: =IF($AJ20=1,$S20,0) -> 0 | AQ20: =IF(AND($AJ20=1,N($Z20)>0),$Z20/($AP20-$AO20+1),0) -> 0 | AR20: =IF($AJ20=1,MAX(N($F20),0.1),0) -> 0 | AS20: =IF($AJ20=1,$AR20*$V20,0) -> 0 | AT20: =IF(N($G20)=0,"",$G20&IF(AND(IF($H20="","FS",$H20)="FS",N($I20)=0),"",IF($H20="","FS",$H20)&IF(N($I20)=0,"",IF(N($I20)>0,"+","")&N($I20)&"d"))) | AU20: =IF(N($J20)=0,"",$J20&IF(AND(IF($K20="","FS",$K20)="FS",N($L20)=0),"",IF($K20="","FS",$K20)&IF(N($L20)=0,"",IF(N($L20)>0,"+","")&N($L20)&"d"))) | AV20: =IF(AND($AJ20=1,N($F20)=0,$V20<1),$S20+$AF20/100000,"")
A21: =IF($D21="","",COUNTA($D$6:$D21)) -> 16 | B21: =IF($D21="","",IF($AE21=1,COUNTIF($AE$6:$AE21,1)&"",IF($AG21=0,"?",OFFSET(hdr_WBS,$AG21-ROW(hdr_WBS),0)&"."&COUNTIF(INDEX($AE:$AE,$AG21+1):$AE21,$AE21)))) -> 3.2.1 | C21: 3 | D21: UI component library | E21: Auto | F21: 6 | G21: 9 | H21: FS | N21: =IF($D21="","",IF($AI21,MIN(OFFSET(hdr_PlanStart,$AF21+1,0,$AH21,1)),IF($E21="Manual",IF(N($M21)>0,$M21,ProjectStart),WORKDAY.INTL(MAX(ProjectStart,N($M21),$AK21,$AL21)-1,1,WorkWeek,Holidays)))) -> 46297 | O21: =IF($D21="","",IF($AI21,MAX(OFFSET(hdr_PlanFinish,$AF21+1,0,$AH21,1)),IF(N($F21)<=0,$N21,WORKDAY.INTL($N21,$F21-1,WorkWeek,Holidays)))) -> 46304 | P21: 46302 | Q21: 46311 | R21: =IF($D21="","",IF($AI21,MIN(OFFSET(hdr_FcStart,$AF21+1,0,$AH21,1)),IF(N($P21)>0,$P21,IF($E21="Manual",IF(N($M21)>0,$M21,ProjectStart),WORKDAY.INTL(MAX(ProjectStart,N($M21),$AM21,$AN21,IF(RescheduleAfterStatus="Yes",StatusDate,0))-1,1,WorkWeek,Holidays))))) -> 46302 | S21: =IF($D21="","",IF($AI21,MAX(OFFSET(hdr_FcFinish,$AF21+1,0,$AH21,1)),IF(N($Q21)>0,$Q21,IF(N($F21)<=0,$R21,IF(AND(N($P21)>0,RescheduleAfterStatus="Yes"),MAX(WORKDAY.INTL($R21,$F21-1,WorkWeek,Holidays),WORKDAY.INTL(StatusWorkday,MAX(0,ROUNDUP($F21*(1-MIN(1,N($U21))),0)-1),WorkWeek,Holidays)),WORKDAY.INTL($R21,$F21-1,WorkWeek,Holidays)))))) -> 46311 | T21: =IF($D21="","",IF($S21>=$O21,NETWORKDAYS.INTL($O21,$S21,WorkWeek,Holidays)-1,1-NETWORKDAYS.INTL($S21,$O21,WorkWeek,Holidays))) -> 5 | U21: 1 | V21: =IF($D21="","",IF($AI21,IFERROR(SUM(OFFSET(hdr_WtDone,$AF21+1,0,$AH21,1))/SUM(OFFSET(hdr_WtDur,$AF21+1,0,$AH21,1)),0),IF(N($Q21)>0,1,MIN(1,N($U21))))) -> 1 | W21: =IF($D21="","",IF($V21>=1,"Complete",IF(OR(N($P21)>0,$V21>0),IF($T21>0,"Behind","In Progress"),IF($N21<StatusDate,"Late Start","Not Started")))) -> Complete | X21: Sam Rivera | Z21: =IF($D21="","",IF($AI21,SUMPRODUCT(OFFSET(hdr_Work,$AF21+1,0,$AH21,1),OFFSET(hdr_IsLeaf,$AF21+1,0,$AH21,1)),IF($X21="",0,N($F21)*HoursPerDay*IF($Y21="",DefaultUnits,$Y21)))) -> 48 | AA21: =IF($D21="","",IF($AI21,SUMPRODUCT(OFFSET(hdr_Cost,$AF21+1,0,$AH21,1),OFFSET(hdr_IsLeaf,$AF21+1,0,$AH21,1)),$Z21*IFERROR(INDEX(res_Rate,MATCH($X21,res_Name,0)),0))) -> 3840 | AB21: =IF(OR($D21="",$AI21),"",IF(OR($R21<Sprint1Start,$R21>SprintLastEnd),"Backlog",INDEX(spr_Name,MATCH($R21,spr_Start,1)))) -> Sprint 3 | AC21: =IF($D21="","",$AT21&IF(AND($AT21<>"",$AU21<>""),",","")&$AU21) -> 9 | AE21: =IF($D21="","",MAX(1,N($C21))) -> 3 | AF21: =ROW()-ROW(hdr_ID) -> 16 | AG21: =IF(OR($D21="",$AE21<=1),0,IFERROR(LOOKUP(2,1/($AE$5:$AE20=$AE21-1),ROW($AE$5:$AE20)),0)) -> 20 | AH21: =IF($D21="",0,COUNTIF(tsk_WBS,$B21&".*")) -> 0 | AI21: =$AH21>0 -> FALSE | AJ21: =IF(AND($D21<>"",NOT($AI21)),1,0) -> 1 | AK21: =IF(OR(N($G21)=0,$AI21,$D21=""),0,IFERROR(CHOOSE(MATCH(IF($H21="","FS",$H21),{"FS","SS","FF","SF"},0),WORKDAY.INTL(OFFSET(hdr_PlanFinish,MATCH($G21,tsk_ID,0),0),IF(N($F21)=0,0,1)+N($I21),WorkWeek,Holidays),WORKDAY.INTL(OFFSET(hdr_PlanStart,MATCH($G21,tsk_ID,0),0),N($I21),WorkWeek,Holidays),WORKDAY.INTL(WORKDAY.INTL(OFFSET(hdr_PlanFinish,MATCH($G21,tsk_ID,0),0),N($I21),WorkWeek,Holidays),-MAX(0,N($F21)-1),WorkWeek,Holidays),WORKDAY.INTL(WORKDAY.INTL(OFFSET(hdr_PlanStart,MATCH($G21,tsk_ID,0),0),N($I21),WorkWeek,Holidays),-MAX(0,N($F21)-1),WorkWeek,Holidays)),0)) -> 46297 | AL21: =IF(OR(N($J21)=0,$AI21,$D21=""),0,IFERROR(CHOOSE(MATCH(IF($K21="","FS",$K21),{"FS","SS","FF","SF"},0),WORKDAY.INTL(OFFSET(hdr_PlanFinish,MATCH($J21,tsk_ID,0),0),IF(N($F21)=0,0,1)+N($L21),WorkWeek,Holidays),WORKDAY.INTL(OFFSET(hdr_PlanStart,MATCH($J21,tsk_ID,0),0),N($L21),WorkWeek,Holidays),WORKDAY.INTL(WORKDAY.INTL(OFFSET(hdr_PlanFinish,MATCH($J21,tsk_ID,0),0),N($L21),WorkWeek,Holidays),-MAX(0,N($F21)-1),WorkWeek,Holidays),WORKDAY.INTL(WORKDAY.INTL(OFFSET(hdr_PlanStart,MATCH($J21,tsk_ID,0),0),N($L21),WorkWeek,Holidays),-MAX(0,N($F21)-1),WorkWeek,Holidays)),0)) -> 0 | AM21: =IF(OR(N($G21)=0,$AI21,$D21=""),0,IFERROR(CHOOSE(MATCH(IF($H21="","FS",$H21),{"FS","SS","FF","SF"},0),WORKDAY.INTL(OFFSET(hdr_FcFinish,MATCH($G21,tsk_ID,0),0),IF(N($F21)=0,0,1)+N($I21),WorkWeek,Holidays),WORKDAY.INTL(OFFSET(hdr_FcStart,MATCH($G21,tsk_ID,0),0),N($I21),WorkWeek,Holidays),WORKDAY.INTL(WORKDAY.INTL(OFFSET(hdr_FcFinish,MATCH($G21,tsk_ID,0),0),N($I21),WorkWeek,Holidays),-MAX(0,N($F21)-1),WorkWeek,Holidays),WORKDAY.INTL(WORKDAY.INTL(OFFSET(hdr_FcStart,MATCH($G21,tsk_ID,0),0),N($I21),WorkWeek,Holidays),-MAX(0,N($F21)-1),WorkWeek,Holidays)),0)) -> 46302 | AN21: =IF(OR(N($J21)=0,$AI21,$D21=""),0,IFERROR(CHOOSE(MATCH(IF($K21="","FS",$K21),{"FS","SS","FF","SF"},0),WORKDAY.INTL(OFFSET(hdr_FcFinish,MATCH($J21,tsk_ID,0),0),IF(N($F21)=0,0,1)+N($L21),WorkWeek,Holidays),WORKDAY.INTL(OFFSET(hdr_FcStart,MATCH($J21,tsk_ID,0),0),N($L21),WorkWeek,Holidays),WORKDAY.INTL(WORKDAY.INTL(OFFSET(hdr_FcFinish,MATCH($J21,tsk_ID,0),0),N($L21),WorkWeek,Holidays),-MAX(0,N($F21)-1),WorkWeek,Holidays),WORKDAY.INTL(WORKDAY.INTL(OFFSET(hdr_FcStart,MATCH($J21,tsk_ID,0),0),N($L21),WorkWeek,Holidays),-MAX(0,N($F21)-1),WorkWeek,Holidays)),0)) -> 0 | AO21: =IF($AJ21=1,$R21,0) -> 46302 | AP21: =IF($AJ21=1,$S21,0) -> 46311 | AQ21: =IF(AND($AJ21=1,N($Z21)>0),$Z21/($AP21-$AO21+1),0) -> 4.8 | AR21: =IF($AJ21=1,MAX(N($F21),0.1),0) -> 6 | AS21: =IF($AJ21=1,$AR21*$V21,0) -> 6 | AT21: =IF(N($G21)=0,"",$G21&IF(AND(IF($H21="","FS",$H21)="FS",N($I21)=0),"",IF($H21="","FS",$H21)&IF(N($I21)=0,"",IF(N($I21)>0,"+","")&N($I21)&"d"))) -> 9 | AU21: =IF(N($J21)=0,"",$J21&IF(AND(IF($K21="","FS",$K21)="FS",N($L21)=0),"",IF($K21="","FS",$K21)&IF(N($L21)=0,"",IF(N($L21)>0,"+","")&N($L21)&"d"))) | AV21: =IF(AND($AJ21=1,N($F21)=0,$V21<1),$S21+$AF21/100000,"")
A22: =IF($D22="","",COUNTA($D$6:$D22)) -> 17 | B22: =IF($D22="","",IF($AE22=1,COUNTIF($AE$6:$AE22,1)&"",IF($AG22=0,"?",OFFSET(hdr_WBS,$AG22-ROW(hdr_WBS),0)&"."&COUNTIF(INDEX($AE:$AE,$AG22+1):$AE22,$AE22)))) -> 3.2.2 | C22: 3 | D22: Feature screens | E22: Auto | F22: 12 | G22: 16 | H22: FS | J22: 13 | K22: SS | L22: 2 | N22: =IF($D22="","",IF($AI22,MIN(OFFSET(hdr_PlanStart,$AF22+1,0,$AH22,1)),IF($E22="Manual",IF(N($M22)>0,$M22,ProjectStart),WORKDAY.INTL(MAX(ProjectStart,N($M22),$AK22,$AL22)-1,1,WorkWeek,Holidays)))) -> 46308 | O22: =IF($D22="","",IF($AI22,MAX(OFFSET(hdr_PlanFinish,$AF22+1,0,$AH22,1)),IF(N($F22)<=0,$N22,WORKDAY.INTL($N22,$F22-1,WorkWeek,Holidays)))) -> 46323 | P22: 46314 | R22: =IF($D22="","",IF($AI22,MIN(OFFSET(hdr_FcStart,$AF22+1,0,$AH22,1)),IF(N($P22)>0,$P22,IF($E22="Manual",IF(N($M22)>0,$M22,ProjectStart),WORKDAY.INTL(MAX(ProjectStart,N($M22),$AM22,$AN22,IF(RescheduleAfterStatus="Yes",StatusDate,0))-1,1,WorkWeek,Holidays))))) -> 46314 | S22: =IF($D22="","",IF($AI22,MAX(OFFSET(hdr_FcFinish,$AF22+1,0,$AH22,1)),IF(N($Q22)>0,$Q22,IF(N($F22)<=0,$R22,IF(AND(N($P22)>0,RescheduleAfterStatus="Yes"),MAX(WORKDAY.INTL($R22,$F22-1,WorkWeek,Holidays),WORKDAY.INTL(StatusWorkday,MAX(0,ROUNDUP($F22*(1-MIN(1,N($U22))),0)-1),WorkWeek,Holidays)),WORKDAY.INTL($R22,$F22-1,WorkWeek,Holidays)))))) -> 46331 | T22: =IF($D22="","",IF($S22>=$O22,NETWORKDAYS.INTL($O22,$S22,WorkWeek,Holidays)-1,1-NETWORKDAYS.INTL($S22,$O22,WorkWeek,Holidays))) -> 6 | U22: 0.25 | V22: =IF($D22="","",IF($AI22,IFERROR(SUM(OFFSET(hdr_WtDone,$AF22+1,0,$AH22,1))/SUM(OFFSET(hdr_WtDur,$AF22+1,0,$AH22,1)),0),IF(N($Q22)>0,1,MIN(1,N($U22))))) -> 0.25 | W22: =IF($D22="","",IF($V22>=1,"Complete",IF(OR(N($P22)>0,$V22>0),IF($T22>0,"Behind","In Progress"),IF($N22<StatusDate,"Late Start","Not Started")))) -> Behind | X22: Sam Rivera | Z22: =IF($D22="","",IF($AI22,SUMPRODUCT(OFFSET(hdr_Work,$AF22+1,0,$AH22,1),OFFSET(hdr_IsLeaf,$AF22+1,0,$AH22,1)),IF($X22="",0,N($F22)*HoursPerDay*IF($Y22="",DefaultUnits,$Y22)))) -> 96 | AA22: =IF($D22="","",IF($AI22,SUMPRODUCT(OFFSET(hdr_Cost,$AF22+1,0,$AH22,1),OFFSET(hdr_IsLeaf,$AF22+1,0,$AH22,1)),$Z22*IFERROR(INDEX(res_Rate,MATCH($X22,res_Name,0)),0))) -> 7680 | AB22: =IF(OR($D22="",$AI22),"",IF(OR($R22<Sprint1Start,$R22>SprintLastEnd),"Backlog",INDEX(spr_Name,MATCH($R22,spr_Start,1)))) -> Sprint 4 | AC22: =IF($D22="","",$AT22&IF(AND($AT22<>"",$AU22<>""),",","")&$AU22) -> 16,13SS+2d | AE22: =IF($D22="","",MAX(1,N($C22))) -> 3 | AF22: =ROW()-ROW(hdr_ID) -> 17 | AG22: =IF(OR($D22="",$AE22<=1),0,IFERROR(LOOKUP(2,1/($AE$5:$AE21=$AE22-1),ROW($AE$5:$AE21)),0)) -> 20 | AH22: =IF($D22="",0,COUNTIF(tsk_WBS,$B22&".*")) -> 0 | AI22: =$AH22>0 -> FALSE | AJ22: =IF(AND($D22<>"",NOT($AI22)),1,0) -> 1 | AK22: =IF(OR(N($G22)=0,$AI22,$D22=""),0,IFERROR(CHOOSE(MATCH(IF($H22="","FS",$H22),{"FS","SS","FF","SF"},0),WORKDAY.INTL(OFFSET(hdr_PlanFinish,MATCH($G22,tsk_ID,0),0),IF(N($F22)=0,0,1)+N($I22),WorkWeek,Holidays),WORKDAY.INTL(OFFSET(hdr_PlanStart,MATCH($G22,tsk_ID,0),0),N($I22),WorkWeek,Holidays),WORKDAY.INTL(WORKDAY.INTL(OFFSET(hdr_PlanFinish,MATCH($G22,tsk_ID,0),0),N($I22),WorkWeek,Holidays),-MAX(0,N($F22)-1),WorkWeek,Holidays),WORKDAY.INTL(WORKDAY.INTL(OFFSET(hdr_PlanStart,MATCH($G22,tsk_ID,0),0),N($I22),WorkWeek,Holidays),-MAX(0,N($F22)-1),WorkWeek,Holidays)),0)) -> 46307 | AL22: =IF(OR(N($J22)=0,$AI22,$D22=""),0,IFERROR(CHOOSE(MATCH(IF($K22="","FS",$K22),{"FS","SS","FF","SF"},0),WORKDAY.INTL(OFFSET(hdr_PlanFinish,MATCH($J22,tsk_ID,0),0),IF(N($F22)=0,0,1)+N($L22),WorkWeek,Holidays),WORKDAY.INTL(OFFSET(hdr_PlanStart,MATCH($J22,tsk_ID,0),0),N($L22),WorkWeek,Holidays),WORKDAY.INTL(WORKDAY.INTL(OFFSET(hdr_PlanFinish,MATCH($J22,tsk_ID,0),0),N($L22),WorkWeek,Holidays),-MAX(0,N($F22)-1),WorkWeek,Holidays),WORKDAY.INTL(WORKDAY.INTL(OFFSET(hdr_PlanStart,MATCH($J22,tsk_ID,0),0),N($L22),WorkWeek,Holidays),-MAX(0,N($F22)-1),WorkWeek,Holidays)),0)) -> 46308 | AM22: =IF(OR(N($G22)=0,$AI22,$D22=""),0,IFERROR(CHOOSE(MATCH(IF($H22="","FS",$H22),{"FS","SS","FF","SF"},0),WORKDAY.INTL(OFFSET(hdr_FcFinish,MATCH($G22,tsk_ID,0),0),IF(N($F22)=0,0,1)+N($I22),WorkWeek,Holidays),WORKDAY.INTL(OFFSET(hdr_FcStart,MATCH($G22,tsk_ID,0),0),N($I22),WorkWeek,Holidays),WORKDAY.INTL(WORKDAY.INTL(OFFSET(hdr_FcFinish,MATCH($G22,tsk_ID,0),0),N($I22),WorkWeek,Holidays),-MAX(0,N($F22)-1),WorkWeek,Holidays),WORKDAY.INTL(WORKDAY.INTL(OFFSET(hdr_FcStart,MATCH($G22,tsk_ID,0),0),N($I22),WorkWeek,Holidays),-MAX(0,N($F22)-1),WorkWeek,Holidays)),0)) -> 46314 | AN22: =IF(OR(N($J22)=0,$AI22,$D22=""),0,IFERROR(CHOOSE(MATCH(IF($K22="","FS",$K22),{"FS","SS","FF","SF"},0),WORKDAY.INTL(OFFSET(hdr_FcFinish,MATCH($J22,tsk_ID,0),0),IF(N($F22)=0,0,1)+N($L22),WorkWeek,Holidays),WORKDAY.INTL(OFFSET(hdr_FcStart,MATCH($J22,tsk_ID,0),0),N($L22),WorkWeek,Holidays),WORKDAY.INTL(WORKDAY.INTL(OFFSET(hdr_FcFinish,MATCH($J22,tsk_ID,0),0),N($L22),WorkWeek,Holidays),-MAX(0,N($F22)-1),WorkWeek,Holidays),WORKDAY.INTL(WORKDAY.INTL(OFFSET(hdr_FcStart,MATCH($J22,tsk_ID,0),0),N($L22),WorkWeek,Holidays),-MAX(0,N($F22)-1),WorkWeek,Holidays)),0)) -> 46314 | AO22: =IF($AJ22=1,$R22,0) -> 46314 | AP22: =IF($AJ22=1,$S22,0) -> 46331 | AQ22: =IF(AND($AJ22=1,N($Z22)>0),$Z22/($AP22-$AO22+1),0) -> 5.3333333 | AR22: =IF($AJ22=1,MAX(N($F22),0.1),0) -> 12 | AS22: =IF($AJ22=1,$AR22*$V22,0) -> 3 | AT22: =IF(N($G22)=0,"",$G22&IF(AND(IF($H22="","FS",$H22)="FS",N($I22)=0),"",IF($H22="","FS",$H22)&IF(N($I22)=0,"",IF(N($I22)>0,"+","")&N($I22)&"d"))) -> 16 | AU22: =IF(N($J22)=0,"",$J22&IF(AND(IF($K22="","FS",$K22)="FS",N($L22)=0),"",IF($K22="","FS",$K22)&IF(N($L22)=0,"",IF(N($L22)>0,"+","")&N($L22)&"d"))) -> 13SS+2d | AV22: =IF(AND($AJ22=1,N($F22)=0,$V22<1),$S22+$AF22/100000,"")
A23: =IF($D23="","",COUNTA($D$6:$D23)) -> 18 | B23: =IF($D23="","",IF($AE23=1,COUNTIF($AE$6:$AE23,1)&"",IF($AG23=0,"?",OFFSET(hdr_WBS,$AG23-ROW(hdr_WBS),0)&"."&COUNTIF(INDEX($AE:$AE,$AG23+1):$AE23,$AE23)))) -> 3.2.3 | C23: 3 | D23: Accessibility review | E23: Auto | F23: 3 | G23: 17 | H23: FF | I23: 1 | N23: =IF($D23="","",IF($AI23,MIN(OFFSET(hdr_PlanStart,$AF23+1,0,$AH23,1)),IF($E23="Manual",IF(N($M23)>0,$M23,ProjectStart),WORKDAY.INTL(MAX(ProjectStart,N($M23),$AK23,$AL23)-1,1,WorkWeek,Holidays)))) -> 46322 | O23: =IF($D23="","",IF($AI23,MAX(OFFSET(hdr_PlanFinish,$AF23+1,0,$AH23,1)),IF(N($F23)<=0,$N23,WORKDAY.INTL($N23,$F23-1,WorkWeek,Holidays)))) -> 46324 | R23: =IF($D23="","",IF($AI23,MIN(OFFSET(hdr_FcStart,$AF23+1,0,$AH23,1)),IF(N($P23)>0,$P23,IF($E23="Manual",IF(N($M23)>0,$M23,ProjectStart),WORKDAY.INTL(MAX(ProjectStart,N($M23),$AM23,$AN23,IF(RescheduleAfterStatus="Yes",StatusDate,0))-1,1,WorkWeek,Holidays))))) -> 46330 | S23: =IF($D23="","",IF($AI23,MAX(OFFSET(hdr_FcFinish,$AF23+1,0,$AH23,1)),IF(N($Q23)>0,$Q23,IF(N($F23)<=0,$R23,IF(AND(N($P23)>0,RescheduleAfterStatus="Yes"),MAX(WORKDAY.INTL($R23,$F23-1,WorkWeek,Holidays),WORKDAY.INTL(StatusWorkday,MAX(0,ROUNDUP($F23*(1-MIN(1,N($U23))),0)-1),WorkWeek,Holidays)),WORKDAY.INTL($R23,$F23-1,WorkWeek,Holidays)))))) -> 46332 | T23: =IF($D23="","",IF($S23>=$O23,NETWORKDAYS.INTL($O23,$S23,WorkWeek,Holidays)-1,1-NETWORKDAYS.INTL($S23,$O23,WorkWeek,Holidays))) -> 6 | V23: =IF($D23="","",IF($AI23,IFERROR(SUM(OFFSET(hdr_WtDone,$AF23+1,0,$AH23,1))/SUM(OFFSET(hdr_WtDur,$AF23+1,0,$AH23,1)),0),IF(N($Q23)>0,1,MIN(1,N($U23))))) -> 0 | W23: =IF($D23="","",IF($V23>=1,"Complete",IF(OR(N($P23)>0,$V23>0),IF($T23>0,"Behind","In Progress"),IF($N23<StatusDate,"Late Start","Not Started")))) -> Not Started | X23: Casey Kim | Y23: 0.5 | Z23: =IF($D23="","",IF($AI23,SUMPRODUCT(OFFSET(hdr_Work,$AF23+1,0,$AH23,1),OFFSET(hdr_IsLeaf,$AF23+1,0,$AH23,1)),IF($X23="",0,N($F23)*HoursPerDay*IF($Y23="",DefaultUnits,$Y23)))) -> 12 | AA23: =IF($D23="","",IF($AI23,SUMPRODUCT(OFFSET(hdr_Cost,$AF23+1,0,$AH23,1),OFFSET(hdr_IsLeaf,$AF23+1,0,$AH23,1)),$Z23*IFERROR(INDEX(res_Rate,MATCH($X23,res_Name,0)),0))) -> 900 | AB23: =IF(OR($D23="",$AI23),"",IF(OR($R23<Sprint1Start,$R23>SprintLastEnd),"Backlog",INDEX(spr_Name,MATCH($R23,spr_Start,1)))) -> Sprint 5 | AC23: =IF($D23="","",$AT23&IF(AND($AT23<>"",$AU23<>""),",","")&$AU23) -> 17FF+1d | AD23: Finish-to-Finish + 1 day; 50% units. | AE23: =IF($D23="","",MAX(1,N($C23))) -> 3 | AF23: =ROW()-ROW(hdr_ID) -> 18 | AG23: =IF(OR($D23="",$AE23<=1),0,IFERROR(LOOKUP(2,1/($AE$5:$AE22=$AE23-1),ROW($AE$5:$AE22)),0)) -> 20 | AH23: =IF($D23="",0,COUNTIF(tsk_WBS,$B23&".*")) -> 0 | AI23: =$AH23>0 -> FALSE | AJ23: =IF(AND($D23<>"",NOT($AI23)),1,0) -> 1 | AK23: =IF(OR(N($G23)=0,$AI23,$D23=""),0,IFERROR(CHOOSE(MATCH(IF($H23="","FS",$H23),{"FS","SS","FF","SF"},0),WORKDAY.INTL(OFFSET(hdr_PlanFinish,MATCH($G23,tsk_ID,0),0),IF(N($F23)=0,0,1)+N($I23),WorkWeek,Holidays),WORKDAY.INTL(OFFSET(hdr_PlanStart,MATCH($G23,tsk_ID,0),0),N($I23),WorkWeek,Holidays),WORKDAY.INTL(WORKDAY.INTL(OFFSET(hdr_PlanFinish,MATCH($G23,tsk_ID,0),0),N($I23),WorkWeek,Holidays),-MAX(0,N($F23)-1),WorkWeek,Holidays),WORKDAY.INTL(WORKDAY.INTL(OFFSET(hdr_PlanStart,MATCH($G23,tsk_ID,0),0),N($I23),WorkWeek,Holidays),-MAX(0,N($F23)-1),WorkWeek,Holidays)),0)) -> 46322 | AL23: =IF(OR(N($J23)=0,$AI23,$D23=""),0,IFERROR(CHOOSE(MATCH(IF($K23="","FS",$K23),{"FS","SS","FF","SF"},0),WORKDAY.INTL(OFFSET(hdr_PlanFinish,MATCH($J23,tsk_ID,0),0),IF(N($F23)=0,0,1)+N($L23),WorkWeek,Holidays),WORKDAY.INTL(OFFSET(hdr_PlanStart,MATCH($J23,tsk_ID,0),0),N($L23),WorkWeek,Holidays),WORKDAY.INTL(WORKDAY.INTL(OFFSET(hdr_PlanFinish,MATCH($J23,tsk_ID,0),0),N($L23),WorkWeek,Holidays),-MAX(0,N($F23)-1),WorkWeek,Holidays),WORKDAY.INTL(WORKDAY.INTL(OFFSET(hdr_PlanStart,MATCH($J23,tsk_ID,0),0),N($L23),WorkWeek,Holidays),-MAX(0,N($F23)-1),WorkWeek,Holidays)),0)) -> 0 | AM23: =IF(OR(N($G23)=0,$AI23,$D23=""),0,IFERROR(CHOOSE(MATCH(IF($H23="","FS",$H23),{"FS","SS","FF","SF"},0),WORKDAY.INTL(OFFSET(hdr_FcFinish,MATCH($G23,tsk_ID,0),0),IF(N($F23)=0,0,1)+N($I23),WorkWeek,Holidays),WORKDAY.INTL(OFFSET(hdr_FcStart,MATCH($G23,tsk_ID,0),0),N($I23),WorkWeek,Holidays),WORKDAY.INTL(WORKDAY.INTL(OFFSET(hdr_FcFinish,MATCH($G23,tsk_ID,0),0),N($I23),WorkWeek,Holidays),-MAX(0,N($F23)-1),WorkWeek,Holidays),WORKDAY.INTL(WORKDAY.INTL(OFFSET(hdr_FcStart,MATCH($G23,tsk_ID,0),0),N($I23),WorkWeek,Holidays),-MAX(0,N($F23)-1),WorkWeek,Holidays)),0)) -> 46330 | AN23: =IF(OR(N($J23)=0,$AI23,$D23=""),0,IFERROR(CHOOSE(MATCH(IF($K23="","FS",$K23),{"FS","SS","FF","SF"},0),WORKDAY.INTL(OFFSET(hdr_FcFinish,MATCH($J23,tsk_ID,0),0),IF(N($F23)=0,0,1)+N($L23),WorkWeek,Holidays),WORKDAY.INTL(OFFSET(hdr_FcStart,MATCH($J23,tsk_ID,0),0),N($L23),WorkWeek,Holidays),WORKDAY.INTL(WORKDAY.INTL(OFFSET(hdr_FcFinish,MATCH($J23,tsk_ID,0),0),N($L23),WorkWeek,Holidays),-MAX(0,N($F23)-1),WorkWeek,Holidays),WORKDAY.INTL(WORKDAY.INTL(OFFSET(hdr_FcStart,MATCH($J23,tsk_ID,0),0),N($L23),WorkWeek,Holidays),-MAX(0,N($F23)-1),WorkWeek,Holidays)),0)) -> 0 | AO23: =IF($AJ23=1,$R23,0) -> 46330 | AP23: =IF($AJ23=1,$S23,0) -> 46332 | AQ23: =IF(AND($AJ23=1,N($Z23)>0),$Z23/($AP23-$AO23+1),0) -> 4 | AR23: =IF($AJ23=1,MAX(N($F23),0.1),0) -> 3 | AS23: =IF($AJ23=1,$AR23*$V23,0) -> 0 | AT23: =IF(N($G23)=0,"",$G23&IF(AND(IF($H23="","FS",$H23)="FS",N($I23)=0),"",IF($H23="","FS",$H23)&IF(N($I23)=0,"",IF(N($I23)>0,"+","")&N($I23)&"d"))) -> 17FF+1d | AU23: =IF(N($J23)=0,"",$J23&IF(AND(IF($K23="","FS",$K23)="FS",N($L23)=0),"",IF($K23="","FS",$K23)&IF(N($L23)=0,"",IF(N($L23)>0,"+","")&N($L23)&"d"))) | AV23: =IF(AND($AJ23=1,N($F23)=0,$V23<1),$S23+$AF23/100000,"")
A24: =IF($D24="","",COUNTA($D$6:$D24)) -> 19 | B24: =IF($D24="","",IF($AE24=1,COUNTIF($AE$6:$AE24,1)&"",IF($AG24=0,"?",OFFSET(hdr_WBS,$AG24-ROW(hdr_WBS),0)&"."&COUNTIF(INDEX($AE:$AE,$AG24+1):$AE24,$AE24)))) -> 3.3 | C24: 2 | D24: Build complete | E24: Auto | F24: 0 | G24: 14 | H24: FS | J24: 18 | K24: FS | N24: =IF($D24="","",IF($AI24,MIN(OFFSET(hdr_PlanStart,$AF24+1,0,$AH24,1)),IF($E24="Manual",IF(N($M24)>0,$M24,ProjectStart),WORKDAY.INTL(MAX(ProjectStart,N($M24),$AK24,$AL24)-1,1,WorkWeek,Holidays)))) -> 46325 | O24: =IF($D24="","",IF($AI24,MAX(OFFSET(hdr_PlanFinish,$AF24+1,0,$AH24,1)),IF(N($F24)<=0,$N24,WORKDAY.INTL($N24,$F24-1,WorkWeek,Holidays)))) -> 46325 | R24: =IF($D24="","",IF($AI24,MIN(OFFSET(hdr_FcStart,$AF24+1,0,$AH24,1)),IF(N($P24)>0,$P24,IF($E24="Manual",IF(N($M24)>0,$M24,ProjectStart),WORKDAY.INTL(MAX(ProjectStart,N($M24),$AM24,$AN24,IF(RescheduleAfterStatus="Yes",StatusDate,0))-1,1,WorkWeek,Holidays))))) -> 46335 | S24: =IF($D24="","",IF($AI24,MAX(OFFSET(hdr_FcFinish,$AF24+1,0,$AH24,1)),IF(N($Q24)>0,$Q24,IF(N($F24)<=0,$R24,IF(AND(N($P24)>0,RescheduleAfterStatus="Yes"),MAX(WORKDAY.INTL($R24,$F24-1,WorkWeek,Holidays),WORKDAY.INTL(StatusWorkday,MAX(0,ROUNDUP($F24*(1-MIN(1,N($U24))),0)-1),WorkWeek,Holidays)),WORKDAY.INTL($R24,$F24-1,WorkWeek,Holidays)))))) -> 46335 | T24: =IF($D24="","",IF($S24>=$O24,NETWORKDAYS.INTL($O24,$S24,WorkWeek,Holidays)-1,1-NETWORKDAYS.INTL($S24,$O24,WorkWeek,Holidays))) -> 6 | V24: =IF($D24="","",IF($AI24,IFERROR(SUM(OFFSET(hdr_WtDone,$AF24+1,0,$AH24,1))/SUM(OFFSET(hdr_WtDur,$AF24+1,0,$AH24,1)),0),IF(N($Q24)>0,1,MIN(1,N($U24))))) -> 0 | W24: =IF($D24="","",IF($V24>=1,"Complete",IF(OR(N($P24)>0,$V24>0),IF($T24>0,"Behind","In Progress"),IF($N24<StatusDate,"Late Start","Not Started")))) -> Not Started | Z24: =IF($D24="","",IF($AI24,SUMPRODUCT(OFFSET(hdr_Work,$AF24+1,0,$AH24,1),OFFSET(hdr_IsLeaf,$AF24+1,0,$AH24,1)),IF($X24="",0,N($F24)*HoursPerDay*IF($Y24="",DefaultUnits,$Y24)))) -> 0 | AA24: =IF($D24="","",IF($AI24,SUMPRODUCT(OFFSET(hdr_Cost,$AF24+1,0,$AH24,1),OFFSET(hdr_IsLeaf,$AF24+1,0,$AH24,1)),$Z24*IFERROR(INDEX(res_Rate,MATCH($X24,res_Name,0)),0))) -> 0 | AB24: =IF(OR($D24="",$AI24),"",IF(OR($R24<Sprint1Start,$R24>SprintLastEnd),"Backlog",INDEX(spr_Name,MATCH($R24,spr_Start,1)))) -> Sprint 5 | AC24: =IF($D24="","",$AT24&IF(AND($AT24<>"",$AU24<>""),",","")&$AU24) -> 14,18 | AD24: Milestone | AE24: =IF($D24="","",MAX(1,N($C24))) -> 2 | AF24: =ROW()-ROW(hdr_ID) -> 19 | AG24: =IF(OR($D24="",$AE24<=1),0,IFERROR(LOOKUP(2,1/($AE$5:$AE23=$AE24-1),ROW($AE$5:$AE23)),0)) -> 15 | AH24: =IF($D24="",0,COUNTIF(tsk_WBS,$B24&".*")) -> 0 | AI24: =$AH24>0 -> FALSE | AJ24: =IF(AND($D24<>"",NOT($AI24)),1,0) -> 1 | AK24: =IF(OR(N($G24)=0,$AI24,$D24=""),0,IFERROR(CHOOSE(MATCH(IF($H24="","FS",$H24),{"FS","SS","FF","SF"},0),WORKDAY.INTL(OFFSET(hdr_PlanFinish,MATCH($G24,tsk_ID,0),0),IF(N($F24)=0,0,1)+N($I24),WorkWeek,Holidays),WORKDAY.INTL(OFFSET(hdr_PlanStart,MATCH($G24,tsk_ID,0),0),N($I24),WorkWeek,Holidays),WORKDAY.INTL(WORKDAY.INTL(OFFSET(hdr_PlanFinish,MATCH($G24,tsk_ID,0),0),N($I24),WorkWeek,Holidays),-MAX(0,N($F24)-1),WorkWeek,Holidays),WORKDAY.INTL(WORKDAY.INTL(OFFSET(hdr_PlanStart,MATCH($G24,tsk_ID,0),0),N($I24),WorkWeek,Holidays),-MAX(0,N($F24)-1),WorkWeek,Holidays)),0)) -> 46325 | AL24: =IF(OR(N($J24)=0,$AI24,$D24=""),0,IFERROR(CHOOSE(MATCH(IF($K24="","FS",$K24),{"FS","SS","FF","SF"},0),WORKDAY.INTL(OFFSET(hdr_PlanFinish,MATCH($J24,tsk_ID,0),0),IF(N($F24)=0,0,1)+N($L24),WorkWeek,Holidays),WORKDAY.INTL(OFFSET(hdr_PlanStart,MATCH($J24,tsk_ID,0),0),N($L24),WorkWeek,Holidays),WORKDAY.INTL(WORKDAY.INTL(OFFSET(hdr_PlanFinish,MATCH($J24,tsk_ID,0),0),N($L24),WorkWeek,Holidays),-MAX(0,N($F24)-1),WorkWeek,Holidays),WORKDAY.INTL(WORKDAY.INTL(OFFSET(hdr_PlanStart,MATCH($J24,tsk_ID,0),0),N($L24),WorkWeek,Holidays),-MAX(0,N($F24)-1),WorkWeek,Holidays)),0)) -> 46324 | AM24: =IF(OR(N($G24)=0,$AI24,$D24=""),0,IFERROR(CHOOSE(MATCH(IF($H24="","FS",$H24),{"FS","SS","FF","SF"},0),WORKDAY.INTL(OFFSET(hdr_FcFinish,MATCH($G24,tsk_ID,0),0),IF(N($F24)=0,0,1)+N($I24),WorkWeek,Holidays),WORKDAY.INTL(OFFSET(hdr_FcStart,MATCH($G24,tsk_ID,0),0),N($I24),WorkWeek,Holidays),WORKDAY.INTL(WORKDAY.INTL(OFFSET(hdr_FcFinish,MATCH($G24,tsk_ID,0),0),N($I24),WorkWeek,Holidays),-MAX(0,N($F24)-1),WorkWeek,Holidays),WORKDAY.INTL(WORKDAY.INTL(OFFSET(hdr_FcStart,MATCH($G24,tsk_ID,0),0),N($I24),WorkWeek,Holidays),-MAX(0,N($F24)-1),WorkWeek,Holidays)),0)) -> 46335 | AN24: =IF(OR(N($J24)=0,$AI24,$D24=""),0,IFERROR(CHOOSE(MATCH(IF($K24="","FS",$K24),{"FS","SS","FF","SF"},0),WORKDAY.INTL(OFFSET(hdr_FcFinish,MATCH($J24,tsk_ID,0),0),IF(N($F24)=0,0,1)+N($L24),WorkWeek,Holidays),WORKDAY.INTL(OFFSET(hdr_FcStart,MATCH($J24,tsk_ID,0),0),N($L24),WorkWeek,Holidays),WORKDAY.INTL(WORKDAY.INTL(OFFSET(hdr_FcFinish,MATCH($J24,tsk_ID,0),0),N($L24),WorkWeek,Holidays),-MAX(0,N($F24)-1),WorkWeek,Holidays),WORKDAY.INTL(WORKDAY.INTL(OFFSET(hdr_FcStart,MATCH($J24,tsk_ID,0),0),N($L24),WorkWeek,Holidays),-MAX(0,N($F24)-1),WorkWeek,Holidays)),0)) -> 46332 | AO24: =IF($AJ24=1,$R24,0) -> 46335 | AP24: =IF($AJ24=1,$S24,0) -> 46335 | AQ24: =IF(AND($AJ24=1,N($Z24)>0),$Z24/($AP24-$AO24+1),0) -> 0 | AR24: =IF($AJ24=1,MAX(N($F24),0.1),0) -> 0.1 | AS24: =IF($AJ24=1,$AR24*$V24,0) -> 0 | AT24: =IF(N($G24)=0,"",$G24&IF(AND(IF($H24="","FS",$H24)="FS",N($I24)=0),"",IF($H24="","FS",$H24)&IF(N($I24)=0,"",IF(N($I24)>0,"+","")&N($I24)&"d"))) -> 14 | AU24: =IF(N($J24)=0,"",$J24&IF(AND(IF($K24="","FS",$K24)="FS",N($L24)=0),"",IF($K24="","FS",$K24)&IF(N($L24)=0,"",IF(N($L24)>0,"+","")&N($L24)&"d"))) -> 18 | AV24: =IF(AND($AJ24=1,N($F24)=0,$V24<1),$S24+$AF24/100000,"") -> 46335
A25: =IF($D25="","",COUNTA($D$6:$D25)) -> 20 | B25: =IF($D25="","",IF($AE25=1,COUNTIF($AE$6:$AE25,1)&"",IF($AG25=0,"?",OFFSET(hdr_WBS,$AG25-ROW(hdr_WBS),0)&"."&COUNTIF(INDEX($AE:$AE,$AG25+1):$AE25,$AE25)))) -> 4 | C25: 1 | D25: Test & Release | E25: Auto | N25: =IF($D25="","",IF($AI25,MIN(OFFSET(hdr_PlanStart,$AF25+1,0,$AH25,1)),IF($E25="Manual",IF(N($M25)>0,$M25,ProjectStart),WORKDAY.INTL(MAX(ProjectStart,N($M25),$AK25,$AL25)-1,1,WorkWeek,Holidays)))) -> 46328 | O25: =IF($D25="","",IF($AI25,MAX(OFFSET(hdr_PlanFinish,$AF25+1,0,$AH25,1)),IF(N($F25)<=0,$N25,WORKDAY.INTL($N25,$F25-1,WorkWeek,Holidays)))) -> 46391 | R25: =IF($D25="","",IF($AI25,MIN(OFFSET(hdr_FcStart,$AF25+1,0,$AH25,1)),IF(N($P25)>0,$P25,IF($E25="Manual",IF(N($M25)>0,$M25,ProjectStart),WORKDAY.INTL(MAX(ProjectStart,N($M25),$AM25,$AN25,IF(RescheduleAfterStatus="Yes",StatusDate,0))-1,1,WorkWeek,Holidays))))) -> 46336 | S25: =IF($D25="","",IF($AI25,MAX(OFFSET(hdr_FcFinish,$AF25+1,0,$AH25,1)),IF(N($Q25)>0,$Q25,IF(N($F25)<=0,$R25,IF(AND(N($P25)>0,RescheduleAfterStatus="Yes"),MAX(WORKDAY.INTL($R25,$F25-1,WorkWeek,Holidays),WORKDAY.INTL(StatusWorkday,MAX(0,ROUNDUP($F25*(1-MIN(1,N($U25))),0)-1),WorkWeek,Holidays)),WORKDAY.INTL($R25,$F25-1,WorkWeek,Holidays)))))) -> 46391 | T25: =IF($D25="","",IF($S25>=$O25,NETWORKDAYS.INTL($O25,$S25,WorkWeek,Holidays)-1,1-NETWORKDAYS.INTL($S25,$O25,WorkWeek,Holidays))) -> 0 | V25: =IF($D25="","",IF($AI25,IFERROR(SUM(OFFSET(hdr_WtDone,$AF25+1,0,$AH25,1))/SUM(OFFSET(hdr_WtDur,$AF25+1,0,$AH25,1)),0),IF(N($Q25)>0,1,MIN(1,N($U25))))) -> 0 | W25: =IF($D25="","",IF($V25>=1,"Complete",IF(OR(N($P25)>0,$V25>0),IF($T25>0,"Behind","In Progress"),IF($N25<StatusDate,"Late Start","Not Started")))) -> Not Started | Z25: =IF($D25="","",IF($AI25,SUMPRODUCT(OFFSET(hdr_Work,$AF25+1,0,$AH25,1),OFFSET(hdr_IsLeaf,$AF25+1,0,$AH25,1)),IF($X25="",0,N($F25)*HoursPerDay*IF($Y25="",DefaultUnits,$Y25)))) -> 180 | AA25: =IF($D25="","",IF($AI25,SUMPRODUCT(OFFSET(hdr_Cost,$AF25+1,0,$AH25,1),OFFSET(hdr_IsLeaf,$AF25+1,0,$AH25,1)),$Z25*IFERROR(INDEX(res_Rate,MATCH($X25,res_Name,0)),0))) -> 13180 | AB25: =IF(OR($D25="",$AI25),"",IF(OR($R25<Sprint1Start,$R25>SprintLastEnd),"Backlog",INDEX(spr_Name,MATCH($R25,spr_Start,1)))) | AC25: =IF($D25="","",$AT25&IF(AND($AT25<>"",$AU25<>""),",","")&$AU25) | AE25: =IF($D25="","",MAX(1,N($C25))) -> 1 | AF25: =ROW()-ROW(hdr_ID) -> 20 | AG25: =IF(OR($D25="",$AE25<=1),0,IFERROR(LOOKUP(2,1/($AE$5:$AE24=$AE25-1),ROW($AE$5:$AE24)),0)) -> 0 | AH25: =IF($D25="",0,COUNTIF(tsk_WBS,$B25&".*")) -> 6 | AI25: =$AH25>0 -> TRUE | AJ25: =IF(AND($D25<>"",NOT($AI25)),1,0) -> 0 | AK25: =IF(OR(N($G25)=0,$AI25,$D25=""),0,IFERROR(CHOOSE(MATCH(IF($H25="","FS",$H25),{"FS","SS","FF","SF"},0),WORKDAY.INTL(OFFSET(hdr_PlanFinish,MATCH($G25,tsk_ID,0),0),IF(N($F25)=0,0,1)+N($I25),WorkWeek,Holidays),WORKDAY.INTL(OFFSET(hdr_PlanStart,MATCH($G25,tsk_ID,0),0),N($I25),WorkWeek,Holidays),WORKDAY.INTL(WORKDAY.INTL(OFFSET(hdr_PlanFinish,MATCH($G25,tsk_ID,0),0),N($I25),WorkWeek,Holidays),-MAX(0,N($F25)-1),WorkWeek,Holidays),WORKDAY.INTL(WORKDAY.INTL(OFFSET(hdr_PlanStart,MATCH($G25,tsk_ID,0),0),N($I25),WorkWeek,Holidays),-MAX(0,N($F25)-1),WorkWeek,Holidays)),0)) -> 0 | AL25: =IF(OR(N($J25)=0,$AI25,$D25=""),0,IFERROR(CHOOSE(MATCH(IF($K25="","FS",$K25),{"FS","SS","FF","SF"},0),WORKDAY.INTL(OFFSET(hdr_PlanFinish,MATCH($J25,tsk_ID,0),0),IF(N($F25)=0,0,1)+N($L25),WorkWeek,Holidays),WORKDAY.INTL(OFFSET(hdr_PlanStart,MATCH($J25,tsk_ID,0),0),N($L25),WorkWeek,Holidays),WORKDAY.INTL(WORKDAY.INTL(OFFSET(hdr_PlanFinish,MATCH($J25,tsk_ID,0),0),N($L25),WorkWeek,Holidays),-MAX(0,N($F25)-1),WorkWeek,Holidays),WORKDAY.INTL(WORKDAY.INTL(OFFSET(hdr_PlanStart,MATCH($J25,tsk_ID,0),0),N($L25),WorkWeek,Holidays),-MAX(0,N($F25)-1),WorkWeek,Holidays)),0)) -> 0 | AM25: =IF(OR(N($G25)=0,$AI25,$D25=""),0,IFERROR(CHOOSE(MATCH(IF($H25="","FS",$H25),{"FS","SS","FF","SF"},0),WORKDAY.INTL(OFFSET(hdr_FcFinish,MATCH($G25,tsk_ID,0),0),IF(N($F25)=0,0,1)+N($I25),WorkWeek,Holidays),WORKDAY.INTL(OFFSET(hdr_FcStart,MATCH($G25,tsk_ID,0),0),N($I25),WorkWeek,Holidays),WORKDAY.INTL(WORKDAY.INTL(OFFSET(hdr_FcFinish,MATCH($G25,tsk_ID,0),0),N($I25),WorkWeek,Holidays),-MAX(0,N($F25)-1),WorkWeek,Holidays),WORKDAY.INTL(WORKDAY.INTL(OFFSET(hdr_FcStart,MATCH($G25,tsk_ID,0),0),N($I25),WorkWeek,Holidays),-MAX(0,N($F25)-1),WorkWeek,Holidays)),0)) -> 0 | AN25: =IF(OR(N($J25)=0,$AI25,$D25=""),0,IFERROR(CHOOSE(MATCH(IF($K25="","FS",$K25),{"FS","SS","FF","SF"},0),WORKDAY.INTL(OFFSET(hdr_FcFinish,MATCH($J25,tsk_ID,0),0),IF(N($F25)=0,0,1)+N($L25),WorkWeek,Holidays),WORKDAY.INTL(OFFSET(hdr_FcStart,MATCH($J25,tsk_ID,0),0),N($L25),WorkWeek,Holidays),WORKDAY.INTL(WORKDAY.INTL(OFFSET(hdr_FcFinish,MATCH($J25,tsk_ID,0),0),N($L25),WorkWeek,Holidays),-MAX(0,N($F25)-1),WorkWeek,Holidays),WORKDAY.INTL(WORKDAY.INTL(OFFSET(hdr_FcStart,MATCH($J25,tsk_ID,0),0),N($L25),WorkWeek,Holidays),-MAX(0,N($F25)-1),WorkWeek,Holidays)),0)) -> 0 | AO25: =IF($AJ25=1,$R25,0) -> 0 | AP25: =IF($AJ25=1,$S25,0) -> 0 | AQ25: =IF(AND($AJ25=1,N($Z25)>0),$Z25/($AP25-$AO25+1),0) -> 0 | AR25: =IF($AJ25=1,MAX(N($F25),0.1),0) -> 0 | AS25: =IF($AJ25=1,$AR25*$V25,0) -> 0 | AT25: =IF(N($G25)=0,"",$G25&IF(AND(IF($H25="","FS",$H25)="FS",N($I25)=0),"",IF($H25="","FS",$H25)&IF(N($I25)=0,"",IF(N($I25)>0,"+","")&N($I25)&"d"))) | AU25: =IF(N($J25)=0,"",$J25&IF(AND(IF($K25="","FS",$K25)="FS",N($L25)=0),"",IF($K25="","FS",$K25)&IF(N($L25)=0,"",IF(N($L25)>0,"+","")&N($L25)&"d"))) | AV25: =IF(AND($AJ25=1,N($F25)=0,$V25<1),$S25+$AF25/100000,"")
A26: =IF($D26="","",COUNTA($D$6:$D26)) -> 21 | B26: =IF($D26="","",IF($AE26=1,COUNTIF($AE$6:$AE26,1)&"",IF($AG26=0,"?",OFFSET(hdr_WBS,$AG26-ROW(hdr_WBS),0)&"."&COUNTIF(INDEX($AE:$AE,$AG26+1):$AE26,$AE26)))) -> 4.1 | C26: 2 | D26: System integration testing | E26: Auto | F26: 8 | G26: 19 | H26: FS | N26: =IF($D26="","",IF($AI26,MIN(OFFSET(hdr_PlanStart,$AF26+1,0,$AH26,1)),IF($E26="Manual",IF(N($M26)>0,$M26,ProjectStart),WORKDAY.INTL(MAX(ProjectStart,N($M26),$AK26,$AL26)-1,1,WorkWeek,Holidays)))) -> 46328 | O26: =IF($D26="","",IF($AI26,MAX(OFFSET(hdr_PlanFinish,$AF26+1,0,$AH26,1)),IF(N($F26)<=0,$N26,WORKDAY.INTL($N26,$F26-1,WorkWeek,Holidays)))) -> 46337 | R26: =IF($D26="","",IF($AI26,MIN(OFFSET(hdr_FcStart,$AF26+1,0,$AH26,1)),IF(N($P26)>0,$P26,IF($E26="Manual",IF(N($M26)>0,$M26,ProjectStart),WORKDAY.INTL(MAX(ProjectStart,N($M26),$AM26,$AN26,IF(RescheduleAfterStatus="Yes",StatusDate,0))-1,1,WorkWeek,Holidays))))) -> 46336 | S26: =IF($D26="","",IF($AI26,MAX(OFFSET(hdr_FcFinish,$AF26+1,0,$AH26,1)),IF(N($Q26)>0,$Q26,IF(N($F26)<=0,$R26,IF(AND(N($P26)>0,RescheduleAfterStatus="Yes"),MAX(WORKDAY.INTL($R26,$F26-1,WorkWeek,Holidays),WORKDAY.INTL(StatusWorkday,MAX(0,ROUNDUP($F26*(1-MIN(1,N($U26))),0)-1),WorkWeek,Holidays)),WORKDAY.INTL($R26,$F26-1,WorkWeek,Holidays)))))) -> 46345 | T26: =IF($D26="","",IF($S26>=$O26,NETWORKDAYS.INTL($O26,$S26,WorkWeek,Holidays)-1,1-NETWORKDAYS.INTL($S26,$O26,WorkWeek,Holidays))) -> 6 | V26: =IF($D26="","",IF($AI26,IFERROR(SUM(OFFSET(hdr_WtDone,$AF26+1,0,$AH26,1))/SUM(OFFSET(hdr_WtDur,$AF26+1,0,$AH26,1)),0),IF(N($Q26)>0,1,MIN(1,N($U26))))) -> 0 | W26: =IF($D26="","",IF($V26>=1,"Complete",IF(OR(N($P26)>0,$V26>0),IF($T26>0,"Behind","In Progress"),IF($N26<StatusDate,"Late Start","Not Started")))) -> Not Started | X26: Taylor Morgan | Z26: =IF($D26="","",IF($AI26,SUMPRODUCT(OFFSET(hdr_Work,$AF26+1,0,$AH26,1),OFFSET(hdr_IsLeaf,$AF26+1,0,$AH26,1)),IF($X26="",0,N($F26)*HoursPerDay*IF($Y26="",DefaultUnits,$Y26)))) -> 64 | AA26: =IF($D26="","",IF($AI26,SUMPRODUCT(OFFSET(hdr_Cost,$AF26+1,0,$AH26,1),OFFSET(hdr_IsLeaf,$AF26+1,0,$AH26,1)),$Z26*IFERROR(INDEX(res_Rate,MATCH($X26,res_Name,0)),0))) -> 4160 | AB26: =IF(OR($D26="",$AI26),"",IF(OR($R26<Sprint1Start,$R26>SprintLastEnd),"Backlog",INDEX(spr_Name,MATCH($R26,spr_Start,1)))) -> Sprint 5 | AC26: =IF($D26="","",$AT26&IF(AND($AT26<>"",$AU26<>""),",","")&$AU26) -> 19 | AE26: =IF($D26="","",MAX(1,N($C26))) -> 2 | AF26: =ROW()-ROW(hdr_ID) -> 21 | AG26: =IF(OR($D26="",$AE26<=1),0,IFERROR(LOOKUP(2,1/($AE$5:$AE25=$AE26-1),ROW($AE$5:$AE25)),0)) -> 25 | AH26: =IF($D26="",0,COUNTIF(tsk_WBS,$B26&".*")) -> 0 | AI26: =$AH26>0 -> FALSE | AJ26: =IF(AND($D26<>"",NOT($AI26)),1,0) -> 1 | AK26: =IF(OR(N($G26)=0,$AI26,$D26=""),0,IFERROR(CHOOSE(MATCH(IF($H26="","FS",$H26),{"FS","SS","FF","SF"},0),WORKDAY.INTL(OFFSET(hdr_PlanFinish,MATCH($G26,tsk_ID,0),0),IF(N($F26)=0,0,1)+N($I26),WorkWeek,Holidays),WORKDAY.INTL(OFFSET(hdr_PlanStart,MATCH($G26,tsk_ID,0),0),N($I26),WorkWeek,Holidays),WORKDAY.INTL(WORKDAY.INTL(OFFSET(hdr_PlanFinish,MATCH($G26,tsk_ID,0),0),N($I26),WorkWeek,Holidays),-MAX(0,N($F26)-1),WorkWeek,Holidays),WORKDAY.INTL(WORKDAY.INTL(OFFSET(hdr_PlanStart,MATCH($G26,tsk_ID,0),0),N($I26),WorkWeek,Holidays),-MAX(0,N($F26)-1),WorkWeek,Holidays)),0)) -> 46328 | AL26: =IF(OR(N($J26)=0,$AI26,$D26=""),0,IFERROR(CHOOSE(MATCH(IF($K26="","FS",$K26),{"FS","SS","FF","SF"},0),WORKDAY.INTL(OFFSET(hdr_PlanFinish,MATCH($J26,tsk_ID,0),0),IF(N($F26)=0,0,1)+N($L26),WorkWeek,Holidays),WORKDAY.INTL(OFFSET(hdr_PlanStart,MATCH($J26,tsk_ID,0),0),N($L26),WorkWeek,Holidays),WORKDAY.INTL(WORKDAY.INTL(OFFSET(hdr_PlanFinish,MATCH($J26,tsk_ID,0),0),N($L26),WorkWeek,Holidays),-MAX(0,N($F26)-1),WorkWeek,Holidays),WORKDAY.INTL(WORKDAY.INTL(OFFSET(hdr_PlanStart,MATCH($J26,tsk_ID,0),0),N($L26),WorkWeek,Holidays),-MAX(0,N($F26)-1),WorkWeek,Holidays)),0)) -> 0 | AM26: =IF(OR(N($G26)=0,$AI26,$D26=""),0,IFERROR(CHOOSE(MATCH(IF($H26="","FS",$H26),{"FS","SS","FF","SF"},0),WORKDAY.INTL(OFFSET(hdr_FcFinish,MATCH($G26,tsk_ID,0),0),IF(N($F26)=0,0,1)+N($I26),WorkWeek,Holidays),WORKDAY.INTL(OFFSET(hdr_FcStart,MATCH($G26,tsk_ID,0),0),N($I26),WorkWeek,Holidays),WORKDAY.INTL(WORKDAY.INTL(OFFSET(hdr_FcFinish,MATCH($G26,tsk_ID,0),0),N($I26),WorkWeek,Holidays),-MAX(0,N($F26)-1),WorkWeek,Holidays),WORKDAY.INTL(WORKDAY.INTL(OFFSET(hdr_FcStart,MATCH($G26,tsk_ID,0),0),N($I26),WorkWeek,Holidays),-MAX(0,N($F26)-1),WorkWeek,Holidays)),0)) -> 46336 | AN26: =IF(OR(N($J26)=0,$AI26,$D26=""),0,IFERROR(CHOOSE(MATCH(IF($K26="","FS",$K26),{"FS","SS","FF","SF"},0),WORKDAY.INTL(OFFSET(hdr_FcFinish,MATCH($J26,tsk_ID,0),0),IF(N($F26)=0,0,1)+N($L26),WorkWeek,Holidays),WORKDAY.INTL(OFFSET(hdr_FcStart,MATCH($J26,tsk_ID,0),0),N($L26),WorkWeek,Holidays),WORKDAY.INTL(WORKDAY.INTL(OFFSET(hdr_FcFinish,MATCH($J26,tsk_ID,0),0),N($L26),WorkWeek,Holidays),-MAX(0,N($F26)-1),WorkWeek,Holidays),WORKDAY.INTL(WORKDAY.INTL(OFFSET(hdr_FcStart,MATCH($J26,tsk_ID,0),0),N($L26),WorkWeek,Holidays),-MAX(0,N($F26)-1),WorkWeek,Holidays)),0)) -> 0 | AO26: =IF($AJ26=1,$R26,0) -> 46336 | AP26: =IF($AJ26=1,$S26,0) -> 46345 | AQ26: =IF(AND($AJ26=1,N($Z26)>0),$Z26/($AP26-$AO26+1),0) -> 6.4 | AR26: =IF($AJ26=1,MAX(N($F26),0.1),0) -> 8 | AS26: =IF($AJ26=1,$AR26*$V26,0) -> 0 | AT26: =IF(N($G26)=0,"",$G26&IF(AND(IF($H26="","FS",$H26)="FS",N($I26)=0),"",IF($H26="","FS",$H26)&IF(N($I26)=0,"",IF(N($I26)>0,"+","")&N($I26)&"d"))) -> 19 | AU26: =IF(N($J26)=0,"",$J26&IF(AND(IF($K26="","FS",$K26)="FS",N($L26)=0),"",IF($K26="","FS",$K26)&IF(N($L26)=0,"",IF(N($L26)>0,"+","")&N($L26)&"d"))) | AV26: =IF(AND($AJ26=1,N($F26)=0,$V26<1),$S26+$AF26/100000,"")
A27: =IF($D27="","",COUNTA($D$6:$D27)) -> 22 | B27: =IF($D27="","",IF($AE27=1,COUNTIF($AE$6:$AE27,1)&"",IF($AG27=0,"?",OFFSET(hdr_WBS,$AG27-ROW(hdr_WBS),0)&"."&COUNTIF(INDEX($AE:$AE,$AG27+1):$AE27,$AE27)))) -> 4.2 | C27: 2 | D27: User acceptance testing | E27: Auto | F27: 6 | G27: 21 | H27: FS | M27: 46363 | N27: =IF($D27="","",IF($AI27,MIN(OFFSET(hdr_PlanStart,$AF27+1,0,$AH27,1)),IF($E27="Manual",IF(N($M27)>0,$M27,ProjectStart),WORKDAY.INTL(MAX(ProjectStart,N($M27),$AK27,$AL27)-1,1,WorkWeek,Holidays)))) -> 46363 | O27: =IF($D27="","",IF($AI27,MAX(OFFSET(hdr_PlanFinish,$AF27+1,0,$AH27,1)),IF(N($F27)<=0,$N27,WORKDAY.INTL($N27,$F27-1,WorkWeek,Holidays)))) -> 46370 | R27: =IF($D27="","",IF($AI27,MIN(OFFSET(hdr_FcStart,$AF27+1,0,$AH27,1)),IF(N($P27)>0,$P27,IF($E27="Manual",IF(N($M27)>0,$M27,ProjectStart),WORKDAY.INTL(MAX(ProjectStart,N($M27),$AM27,$AN27,IF(RescheduleAfterStatus="Yes",StatusDate,0))-1,1,WorkWeek,Holidays))))) -> 46363 | S27: =IF($D27="","",IF($AI27,MAX(OFFSET(hdr_FcFinish,$AF27+1,0,$AH27,1)),IF(N($Q27)>0,$Q27,IF(N($F27)<=0,$R27,IF(AND(N($P27)>0,RescheduleAfterStatus="Yes"),MAX(WORKDAY.INTL($R27,$F27-1,WorkWeek,Holidays),WORKDAY.INTL(StatusWorkday,MAX(0,ROUNDUP($F27*(1-MIN(1,N($U27))),0)-1),WorkWeek,Holidays)),WORKDAY.INTL($R27,$F27-1,WorkWeek,Holidays)))))) -> 46370 | T27: =IF($D27="","",IF($S27>=$O27,NETWORKDAYS.INTL($O27,$S27,WorkWeek,Holidays)-1,1-NETWORKDAYS.INTL($S27,$O27,WorkWeek,Holidays))) -> 0 | V27: =IF($D27="","",IF($AI27,IFERROR(SUM(OFFSET(hdr_WtDone,$AF27+1,0,$AH27,1))/SUM(OFFSET(hdr_WtDur,$AF27+1,0,$AH27,1)),0),IF(N($Q27)>0,1,MIN(1,N($U27))))) -> 0 | W27: =IF($D27="","",IF($V27>=1,"Complete",IF(OR(N($P27)>0,$V27>0),IF($T27>0,"Behind","In Progress"),IF($N27<StatusDate,"Late Start","Not Started")))) -> Not Started | X27: Morgan Patel | Z27: =IF($D27="","",IF($AI27,SUMPRODUCT(OFFSET(hdr_Work,$AF27+1,0,$AH27,1),OFFSET(hdr_IsLeaf,$AF27+1,0,$AH27,1)),IF($X27="",0,N($F27)*HoursPerDay*IF($Y27="",DefaultUnits,$Y27)))) -> 48 | AA27: =IF($D27="","",IF($AI27,SUMPRODUCT(OFFSET(hdr_Cost,$AF27+1,0,$AH27,1),OFFSET(hdr_IsLeaf,$AF27+1,0,$AH27,1)),$Z27*IFERROR(INDEX(res_Rate,MATCH($X27,res_Name,0)),0))) -> 3360 | AB27: =IF(OR($D27="",$AI27),"",IF(OR($R27<Sprint1Start,$R27>SprintLastEnd),"Backlog",INDEX(spr_Name,MATCH($R27,spr_Start,1)))) -> Sprint 7 | AC27: =IF($D27="","",$AT27&IF(AND($AT27<>"",$AU27<>""),",","")&$AU27) -> 21 | AD27: Start No Earlier Than 07-Dec (client availability). | AE27: =IF($D27="","",MAX(1,N($C27))) -> 2 | AF27: =ROW()-ROW(hdr_ID) -> 22 | AG27: =IF(OR($D27="",$AE27<=1),0,IFERROR(LOOKUP(2,1/($AE$5:$AE26=$AE27-1),ROW($AE$5:$AE26)),0)) -> 25 | AH27: =IF($D27="",0,COUNTIF(tsk_WBS,$B27&".*")) -> 0 | AI27: =$AH27>0 -> FALSE | AJ27: =IF(AND($D27<>"",NOT($AI27)),1,0) -> 1 | AK27: =IF(OR(N($G27)=0,$AI27,$D27=""),0,IFERROR(CHOOSE(MATCH(IF($H27="","FS",$H27),{"FS","SS","FF","SF"},0),WORKDAY.INTL(OFFSET(hdr_PlanFinish,MATCH($G27,tsk_ID,0),0),IF(N($F27)=0,0,1)+N($I27),WorkWeek,Holidays),WORKDAY.INTL(OFFSET(hdr_PlanStart,MATCH($G27,tsk_ID,0),0),N($I27),WorkWeek,Holidays),WORKDAY.INTL(WORKDAY.INTL(OFFSET(hdr_PlanFinish,MATCH($G27,tsk_ID,0),0),N($I27),WorkWeek,Holidays),-MAX(0,N($F27)-1),WorkWeek,Holidays),WORKDAY.INTL(WORKDAY.INTL(OFFSET(hdr_PlanStart,MATCH($G27,tsk_ID,0),0),N($I27),WorkWeek,Holidays),-MAX(0,N($F27)-1),WorkWeek,Holidays)),0)) -> 46338 | AL27: =IF(OR(N($J27)=0,$AI27,$D27=""),0,IFERROR(CHOOSE(MATCH(IF($K27="","FS",$K27),{"FS","SS","FF","SF"},0),WORKDAY.INTL(OFFSET(hdr_PlanFinish,MATCH($J27,tsk_ID,0),0),IF(N($F27)=0,0,1)+N($L27),WorkWeek,Holidays),WORKDAY.INTL(OFFSET(hdr_PlanStart,MATCH($J27,tsk_ID,0),0),N($L27),WorkWeek,Holidays),WORKDAY.INTL(WORKDAY.INTL(OFFSET(hdr_PlanFinish,MATCH($J27,tsk_ID,0),0),N($L27),WorkWeek,Holidays),-MAX(0,N($F27)-1),WorkWeek,Holidays),WORKDAY.INTL(WORKDAY.INTL(OFFSET(hdr_PlanStart,MATCH($J27,tsk_ID,0),0),N($L27),WorkWeek,Holidays),-MAX(0,N($F27)-1),WorkWeek,Holidays)),0)) -> 0 | AM27: =IF(OR(N($G27)=0,$AI27,$D27=""),0,IFERROR(CHOOSE(MATCH(IF($H27="","FS",$H27),{"FS","SS","FF","SF"},0),WORKDAY.INTL(OFFSET(hdr_FcFinish,MATCH($G27,tsk_ID,0),0),IF(N($F27)=0,0,1)+N($I27),WorkWeek,Holidays),WORKDAY.INTL(OFFSET(hdr_FcStart,MATCH($G27,tsk_ID,0),0),N($I27),WorkWeek,Holidays),WORKDAY.INTL(WORKDAY.INTL(OFFSET(hdr_FcFinish,MATCH($G27,tsk_ID,0),0),N($I27),WorkWeek,Holidays),-MAX(0,N($F27)-1),WorkWeek,Holidays),WORKDAY.INTL(WORKDAY.INTL(OFFSET(hdr_FcStart,MATCH($G27,tsk_ID,0),0),N($I27),WorkWeek,Holidays),-MAX(0,N($F27)-1),WorkWeek,Holidays)),0)) -> 46346 | AN27: =IF(OR(N($J27)=0,$AI27,$D27=""),0,IFERROR(CHOOSE(MATCH(IF($K27="","FS",$K27),{"FS","SS","FF","SF"},0),WORKDAY.INTL(OFFSET(hdr_FcFinish,MATCH($J27,tsk_ID,0),0),IF(N($F27)=0,0,1)+N($L27),WorkWeek,Holidays),WORKDAY.INTL(OFFSET(hdr_FcStart,MATCH($J27,tsk_ID,0),0),N($L27),WorkWeek,Holidays),WORKDAY.INTL(WORKDAY.INTL(OFFSET(hdr_FcFinish,MATCH($J27,tsk_ID,0),0),N($L27),WorkWeek,Holidays),-MAX(0,N($F27)-1),WorkWeek,Holidays),WORKDAY.INTL(WORKDAY.INTL(OFFSET(hdr_FcStart,MATCH($J27,tsk_ID,0),0),N($L27),WorkWeek,Holidays),-MAX(0,N($F27)-1),WorkWeek,Holidays)),0)) -> 0 | AO27: =IF($AJ27=1,$R27,0) -> 46363 | AP27: =IF($AJ27=1,$S27,0) -> 46370 | AQ27: =IF(AND($AJ27=1,N($Z27)>0),$Z27/($AP27-$AO27+1),0) -> 6 | AR27: =IF($AJ27=1,MAX(N($F27),0.1),0) -> 6 | AS27: =IF($AJ27=1,$AR27*$V27,0) -> 0 | AT27: =IF(N($G27)=0,"",$G27&IF(AND(IF($H27="","FS",$H27)="FS",N($I27)=0),"",IF($H27="","FS",$H27)&IF(N($I27)=0,"",IF(N($I27)>0,"+","")&N($I27)&"d"))) -> 21 | AU27: =IF(N($J27)=0,"",$J27&IF(AND(IF($K27="","FS",$K27)="FS",N($L27)=0),"",IF($K27="","FS",$K27)&IF(N($L27)=0,"",IF(N($L27)>0,"+","")&N($L27)&"d"))) | AV27: =IF(AND($AJ27=1,N($F27)=0,$V27<1),$S27+$AF27/100000,"")
A28: =IF($D28="","",COUNTA($D$6:$D28)) -> 23 | B28: =IF($D28="","",IF($AE28=1,COUNTIF($AE$6:$AE28,1)&"",IF($AG28=0,"?",OFFSET(hdr_WBS,$AG28-ROW(hdr_WBS),0)&"."&COUNTIF(INDEX($AE:$AE,$AG28+1):$AE28,$AE28)))) -> 4.3 | C28: 2 | D28: Training & user guides | E28: Auto | F28: 5 | G28: 21 | H28: SS | I28: 2 | N28: =IF($D28="","",IF($AI28,MIN(OFFSET(hdr_PlanStart,$AF28+1,0,$AH28,1)),IF($E28="Manual",IF(N($M28)>0,$M28,ProjectStart),WORKDAY.INTL(MAX(ProjectStart,N($M28),$AK28,$AL28)-1,1,WorkWeek,Holidays)))) -> 46330 | O28: =IF($D28="","",IF($AI28,MAX(OFFSET(hdr_PlanFinish,$AF28+1,0,$AH28,1)),IF(N($F28)<=0,$N28,WORKDAY.INTL($N28,$F28-1,WorkWeek,Holidays)))) -> 46336 | R28: =IF($D28="","",IF($AI28,MIN(OFFSET(hdr_FcStart,$AF28+1,0,$AH28,1)),IF(N($P28)>0,$P28,IF($E28="Manual",IF(N($M28)>0,$M28,ProjectStart),WORKDAY.INTL(MAX(ProjectStart,N($M28),$AM28,$AN28,IF(RescheduleAfterStatus="Yes",StatusDate,0))-1,1,WorkWeek,Holidays))))) -> 46338 | S28: =IF($D28="","",IF($AI28,MAX(OFFSET(hdr_FcFinish,$AF28+1,0,$AH28,1)),IF(N($Q28)>0,$Q28,IF(N($F28)<=0,$R28,IF(AND(N($P28)>0,RescheduleAfterStatus="Yes"),MAX(WORKDAY.INTL($R28,$F28-1,WorkWeek,Holidays),WORKDAY.INTL(StatusWorkday,MAX(0,ROUNDUP($F28*(1-MIN(1,N($U28))),0)-1),WorkWeek,Holidays)),WORKDAY.INTL($R28,$F28-1,WorkWeek,Holidays)))))) -> 46344 | T28: =IF($D28="","",IF($S28>=$O28,NETWORKDAYS.INTL($O28,$S28,WorkWeek,Holidays)-1,1-NETWORKDAYS.INTL($S28,$O28,WorkWeek,Holidays))) -> 6 | V28: =IF($D28="","",IF($AI28,IFERROR(SUM(OFFSET(hdr_WtDone,$AF28+1,0,$AH28,1))/SUM(OFFSET(hdr_WtDur,$AF28+1,0,$AH28,1)),0),IF(N($Q28)>0,1,MIN(1,N($U28))))) -> 0 | W28: =IF($D28="","",IF($V28>=1,"Complete",IF(OR(N($P28)>0,$V28>0),IF($T28>0,"Behind","In Progress"),IF($N28<StatusDate,"Late Start","Not Started")))) -> Not Started | X28: Casey Kim | Y28: 0.5 | Z28: =IF($D28="","",IF($AI28,SUMPRODUCT(OFFSET(hdr_Work,$AF28+1,0,$AH28,1),OFFSET(hdr_IsLeaf,$AF28+1,0,$AH28,1)),IF($X28="",0,N($F28)*HoursPerDay*IF($Y28="",DefaultUnits,$Y28)))) -> 20 | AA28: =IF($D28="","",IF($AI28,SUMPRODUCT(OFFSET(hdr_Cost,$AF28+1,0,$AH28,1),OFFSET(hdr_IsLeaf,$AF28+1,0,$AH28,1)),$Z28*IFERROR(INDEX(res_Rate,MATCH($X28,res_Name,0)),0))) -> 1500 | AB28: =IF(OR($D28="",$AI28),"",IF(OR($R28<Sprint1Start,$R28>SprintLastEnd),"Backlog",INDEX(spr_Name,MATCH($R28,spr_Start,1)))) -> Sprint 5 | AC28: =IF($D28="","",$AT28&IF(AND($AT28<>"",$AU28<>""),",","")&$AU28) -> 21SS+2d | AE28: =IF($D28="","",MAX(1,N($C28))) -> 2 | AF28: =ROW()-ROW(hdr_ID) -> 23 | AG28: =IF(OR($D28="",$AE28<=1),0,IFERROR(LOOKUP(2,1/($AE$5:$AE27=$AE28-1),ROW($AE$5:$AE27)),0)) -> 25 | AH28: =IF($D28="",0,COUNTIF(tsk_WBS,$B28&".*")) -> 0 | AI28: =$AH28>0 -> FALSE | AJ28: =IF(AND($D28<>"",NOT($AI28)),1,0) -> 1 | AK28: =IF(OR(N($G28)=0,$AI28,$D28=""),0,IFERROR(CHOOSE(MATCH(IF($H28="","FS",$H28),{"FS","SS","FF","SF"},0),WORKDAY.INTL(OFFSET(hdr_PlanFinish,MATCH($G28,tsk_ID,0),0),IF(N($F28)=0,0,1)+N($I28),WorkWeek,Holidays),WORKDAY.INTL(OFFSET(hdr_PlanStart,MATCH($G28,tsk_ID,0),0),N($I28),WorkWeek,Holidays),WORKDAY.INTL(WORKDAY.INTL(OFFSET(hdr_PlanFinish,MATCH($G28,tsk_ID,0),0),N($I28),WorkWeek,Holidays),-MAX(0,N($F28)-1),WorkWeek,Holidays),WORKDAY.INTL(WORKDAY.INTL(OFFSET(hdr_PlanStart,MATCH($G28,tsk_ID,0),0),N($I28),WorkWeek,Holidays),-MAX(0,N($F28)-1),WorkWeek,Holidays)),0)) -> 46330 | AL28: =IF(OR(N($J28)=0,$AI28,$D28=""),0,IFERROR(CHOOSE(MATCH(IF($K28="","FS",$K28),{"FS","SS","FF","SF"},0),WORKDAY.INTL(OFFSET(hdr_PlanFinish,MATCH($J28,tsk_ID,0),0),IF(N($F28)=0,0,1)+N($L28),WorkWeek,Holidays),WORKDAY.INTL(OFFSET(hdr_PlanStart,MATCH($J28,tsk_ID,0),0),N($L28),WorkWeek,Holidays),WORKDAY.INTL(WORKDAY.INTL(OFFSET(hdr_PlanFinish,MATCH($J28,tsk_ID,0),0),N($L28),WorkWeek,Holidays),-MAX(0,N($F28)-1),WorkWeek,Holidays),WORKDAY.INTL(WORKDAY.INTL(OFFSET(hdr_PlanStart,MATCH($J28,tsk_ID,0),0),N($L28),WorkWeek,Holidays),-MAX(0,N($F28)-1),WorkWeek,Holidays)),0)) -> 0 | AM28: =IF(OR(N($G28)=0,$AI28,$D28=""),0,IFERROR(CHOOSE(MATCH(IF($H28="","FS",$H28),{"FS","SS","FF","SF"},0),WORKDAY.INTL(OFFSET(hdr_FcFinish,MATCH($G28,tsk_ID,0),0),IF(N($F28)=0,0,1)+N($I28),WorkWeek,Holidays),WORKDAY.INTL(OFFSET(hdr_FcStart,MATCH($G28,tsk_ID,0),0),N($I28),WorkWeek,Holidays),WORKDAY.INTL(WORKDAY.INTL(OFFSET(hdr_FcFinish,MATCH($G28,tsk_ID,0),0),N($I28),WorkWeek,Holidays),-MAX(0,N($F28)-1),WorkWeek,Holidays),WORKDAY.INTL(WORKDAY.INTL(OFFSET(hdr_FcStart,MATCH($G28,tsk_ID,0),0),N($I28),WorkWeek,Holidays),-MAX(0,N($F28)-1),WorkWeek,Holidays)),0)) -> 46338 | AN28: =IF(OR(N($J28)=0,$AI28,$D28=""),0,IFERROR(CHOOSE(MATCH(IF($K28="","FS",$K28),{"FS","SS","FF","SF"},0),WORKDAY.INTL(OFFSET(hdr_FcFinish,MATCH($J28,tsk_ID,0),0),IF(N($F28)=0,0,1)+N($L28),WorkWeek,Holidays),WORKDAY.INTL(OFFSET(hdr_FcStart,MATCH($J28,tsk_ID,0),0),N($L28),WorkWeek,Holidays),WORKDAY.INTL(WORKDAY.INTL(OFFSET(hdr_FcFinish,MATCH($J28,tsk_ID,0),0),N($L28),WorkWeek,Holidays),-MAX(0,N($F28)-1),WorkWeek,Holidays),WORKDAY.INTL(WORKDAY.INTL(OFFSET(hdr_FcStart,MATCH($J28,tsk_ID,0),0),N($L28),WorkWeek,Holidays),-MAX(0,N($F28)-1),WorkWeek,Holidays)),0)) -> 0 | AO28: =IF($AJ28=1,$R28,0) -> 46338 | AP28: =IF($AJ28=1,$S28,0) -> 46344 | AQ28: =IF(AND($AJ28=1,N($Z28)>0),$Z28/($AP28-$AO28+1),0) -> 2.8571429 | AR28: =IF($AJ28=1,MAX(N($F28),0.1),0) -> 5 | AS28: =IF($AJ28=1,$AR28*$V28,0) -> 0 | AT28: =IF(N($G28)=0,"",$G28&IF(AND(IF($H28="","FS",$H28)="FS",N($I28)=0),"",IF($H28="","FS",$H28)&IF(N($I28)=0,"",IF(N($I28)>0,"+","")&N($I28)&"d"))) -> 21SS+2d | AU28: =IF(N($J28)=0,"",$J28&IF(AND(IF($K28="","FS",$K28)="FS",N($L28)=0),"",IF($K28="","FS",$K28)&IF(N($L28)=0,"",IF(N($L28)>0,"+","")&N($L28)&"d"))) | AV28: =IF(AND($AJ28=1,N($F28)=0,$V28<1),$S28+$AF28/100000,"")
A29: =IF($D29="","",COUNTA($D$6:$D29)) -> 24 | B29: =IF($D29="","",IF($AE29=1,COUNTIF($AE$6:$AE29,1)&"",IF($AG29=0,"?",OFFSET(hdr_WBS,$AG29-ROW(hdr_WBS),0)&"."&COUNTIF(INDEX($AE:$AE,$AG29+1):$AE29,$AE29)))) -> 4.4 | C29: 2 | D29: Go-live readiness review | E29: Auto | F29: 1 | G29: 22 | H29: FS | J29: 23 | K29: FS | N29: =IF($D29="","",IF($AI29,MIN(OFFSET(hdr_PlanStart,$AF29+1,0,$AH29,1)),IF($E29="Manual",IF(N($M29)>0,$M29,ProjectStart),WORKDAY.INTL(MAX(ProjectStart,N($M29),$AK29,$AL29)-1,1,WorkWeek,Holidays)))) -> 46371 | O29: =IF($D29="","",IF($AI29,MAX(OFFSET(hdr_PlanFinish,$AF29+1,0,$AH29,1)),IF(N($F29)<=0,$N29,WORKDAY.INTL($N29,$F29-1,WorkWeek,Holidays)))) -> 46371 | R29: =IF($D29="","",IF($AI29,MIN(OFFSET(hdr_FcStart,$AF29+1,0,$AH29,1)),IF(N($P29)>0,$P29,IF($E29="Manual",IF(N($M29)>0,$M29,ProjectStart),WORKDAY.INTL(MAX(ProjectStart,N($M29),$AM29,$AN29,IF(RescheduleAfterStatus="Yes",StatusDate,0))-1,1,WorkWeek,Holidays))))) -> 46371 | S29: =IF($D29="","",IF($AI29,MAX(OFFSET(hdr_FcFinish,$AF29+1,0,$AH29,1)),IF(N($Q29)>0,$Q29,IF(N($F29)<=0,$R29,IF(AND(N($P29)>0,RescheduleAfterStatus="Yes"),MAX(WORKDAY.INTL($R29,$F29-1,WorkWeek,Holidays),WORKDAY.INTL(StatusWorkday,MAX(0,ROUNDUP($F29*(1-MIN(1,N($U29))),0)-1),WorkWeek,Holidays)),WORKDAY.INTL($R29,$F29-1,WorkWeek,Holidays)))))) -> 46371 | T29: =IF($D29="","",IF($S29>=$O29,NETWORKDAYS.INTL($O29,$S29,WorkWeek,Holidays)-1,1-NETWORKDAYS.INTL($S29,$O29,WorkWeek,Holidays))) -> 0 | V29: =IF($D29="","",IF($AI29,IFERROR(SUM(OFFSET(hdr_WtDone,$AF29+1,0,$AH29,1))/SUM(OFFSET(hdr_WtDur,$AF29+1,0,$AH29,1)),0),IF(N($Q29)>0,1,MIN(1,N($U29))))) -> 0 | W29: =IF($D29="","",IF($V29>=1,"Complete",IF(OR(N($P29)>0,$V29>0),IF($T29>0,"Behind","In Progress"),IF($N29<StatusDate,"Late Start","Not Started")))) -> Not Started | X29: Priya Sharma | Z29: =IF($D29="","",IF($AI29,SUMPRODUCT(OFFSET(hdr_Work,$AF29+1,0,$AH29,1),OFFSET(hdr_IsLeaf,$AF29+1,0,$AH29,1)),IF($X29="",0,N($F29)*HoursPerDay*IF($Y29="",DefaultUnits,$Y29)))) -> 8 | AA29: =IF($D29="","",IF($AI29,SUMPRODUCT(OFFSET(hdr_Cost,$AF29+1,0,$AH29,1),OFFSET(hdr_IsLeaf,$AF29+1,0,$AH29,1)),$Z29*IFERROR(INDEX(res_Rate,MATCH($X29,res_Name,0)),0))) -> 760 | AB29: =IF(OR($D29="",$AI29),"",IF(OR($R29<Sprint1Start,$R29>SprintLastEnd),"Backlog",INDEX(spr_Name,MATCH($R29,spr_Start,1)))) -> Sprint 8 | AC29: =IF($D29="","",$AT29&IF(AND($AT29<>"",$AU29<>""),",","")&$AU29) -> 22,23 | AE29: =IF($D29="","",MAX(1,N($C29))) -> 2 | AF29: =ROW()-ROW(hdr_ID) -> 24 | AG29: =IF(OR($D29="",$AE29<=1),0,IFERROR(LOOKUP(2,1/($AE$5:$AE28=$AE29-1),ROW($AE$5:$AE28)),0)) -> 25 | AH29: =IF($D29="",0,COUNTIF(tsk_WBS,$B29&".*")) -> 0 | AI29: =$AH29>0 -> FALSE | AJ29: =IF(AND($D29<>"",NOT($AI29)),1,0) -> 1 | AK29: =IF(OR(N($G29)=0,$AI29,$D29=""),0,IFERROR(CHOOSE(MATCH(IF($H29="","FS",$H29),{"FS","SS","FF","SF"},0),WORKDAY.INTL(OFFSET(hdr_PlanFinish,MATCH($G29,tsk_ID,0),0),IF(N($F29)=0,0,1)+N($I29),WorkWeek,Holidays),WORKDAY.INTL(OFFSET(hdr_PlanStart,MATCH($G29,tsk_ID,0),0),N($I29),WorkWeek,Holidays),WORKDAY.INTL(WORKDAY.INTL(OFFSET(hdr_PlanFinish,MATCH($G29,tsk_ID,0),0),N($I29),WorkWeek,Holidays),-MAX(0,N($F29)-1),WorkWeek,Holidays),WORKDAY.INTL(WORKDAY.INTL(OFFSET(hdr_PlanStart,MATCH($G29,tsk_ID,0),0),N($I29),WorkWeek,Holidays),-MAX(0,N($F29)-1),WorkWeek,Holidays)),0)) -> 46371 | AL29: =IF(OR(N($J29)=0,$AI29,$D29=""),0,IFERROR(CHOOSE(MATCH(IF($K29="","FS",$K29),{"FS","SS","FF","SF"},0),WORKDAY.INTL(OFFSET(hdr_PlanFinish,MATCH($J29,tsk_ID,0),0),IF(N($F29)=0,0,1)+N($L29),WorkWeek,Holidays),WORKDAY.INTL(OFFSET(hdr_PlanStart,MATCH($J29,tsk_ID,0),0),N($L29),WorkWeek,Holidays),WORKDAY.INTL(WORKDAY.INTL(OFFSET(hdr_PlanFinish,MATCH($J29,tsk_ID,0),0),N($L29),WorkWeek,Holidays),-MAX(0,N($F29)-1),WorkWeek,Holidays),WORKDAY.INTL(WORKDAY.INTL(OFFSET(hdr_PlanStart,MATCH($J29,tsk_ID,0),0),N($L29),WorkWeek,Holidays),-MAX(0,N($F29)-1),WorkWeek,Holidays)),0)) -> 46337 | AM29: =IF(OR(N($G29)=0,$AI29,$D29=""),0,IFERROR(CHOOSE(MATCH(IF($H29="","FS",$H29),{"FS","SS","FF","SF"},0),WORKDAY.INTL(OFFSET(hdr_FcFinish,MATCH($G29,tsk_ID,0),0),IF(N($F29)=0,0,1)+N($I29),WorkWeek,Holidays),WORKDAY.INTL(OFFSET(hdr_FcStart,MATCH($G29,tsk_ID,0),0),N($I29),WorkWeek,Holidays),WORKDAY.INTL(WORKDAY.INTL(OFFSET(hdr_FcFinish,MATCH($G29,tsk_ID,0),0),N($I29),WorkWeek,Holidays),-MAX(0,N($F29)-1),WorkWeek,Holidays),WORKDAY.INTL(WORKDAY.INTL(OFFSET(hdr_FcStart,MATCH($G29,tsk_ID,0),0),N($I29),WorkWeek,Holidays),-MAX(0,N($F29)-1),WorkWeek,Holidays)),0)) -> 46371 | AN29: =IF(OR(N($J29)=0,$AI29,$D29=""),0,IFERROR(CHOOSE(MATCH(IF($K29="","FS",$K29),{"FS","SS","FF","SF"},0),WORKDAY.INTL(OFFSET(hdr_FcFinish,MATCH($J29,tsk_ID,0),0),IF(N($F29)=0,0,1)+N($L29),WorkWeek,Holidays),WORKDAY.INTL(OFFSET(hdr_FcStart,MATCH($J29,tsk_ID,0),0),N($L29),WorkWeek,Holidays),WORKDAY.INTL(WORKDAY.INTL(OFFSET(hdr_FcFinish,MATCH($J29,tsk_ID,0),0),N($L29),WorkWeek,Holidays),-MAX(0,N($F29)-1),WorkWeek,Holidays),WORKDAY.INTL(WORKDAY.INTL(OFFSET(hdr_FcStart,MATCH($J29,tsk_ID,0),0),N($L29),WorkWeek,Holidays),-MAX(0,N($F29)-1),WorkWeek,Holidays)),0)) -> 46345 | AO29: =IF($AJ29=1,$R29,0) -> 46371 | AP29: =IF($AJ29=1,$S29,0) -> 46371 | AQ29: =IF(AND($AJ29=1,N($Z29)>0),$Z29/($AP29-$AO29+1),0) -> 8 | AR29: =IF($AJ29=1,MAX(N($F29),0.1),0) -> 1 | AS29: =IF($AJ29=1,$AR29*$V29,0) -> 0 | AT29: =IF(N($G29)=0,"",$G29&IF(AND(IF($H29="","FS",$H29)="FS",N($I29)=0),"",IF($H29="","FS",$H29)&IF(N($I29)=0,"",IF(N($I29)>0,"+","")&N($I29)&"d"))) -> 22 | AU29: =IF(N($J29)=0,"",$J29&IF(AND(IF($K29="","FS",$K29)="FS",N($L29)=0),"",IF($K29="","FS",$K29)&IF(N($L29)=0,"",IF(N($L29)>0,"+","")&N($L29)&"d"))) -> 23 | AV29: =IF(AND($AJ29=1,N($F29)=0,$V29<1),$S29+$AF29/100000,"")
A30: =IF($D30="","",COUNTA($D$6:$D30)) -> 25 | B30: =IF($D30="","",IF($AE30=1,COUNTIF($AE$6:$AE30,1)&"",IF($AG30=0,"?",OFFSET(hdr_WBS,$AG30-ROW(hdr_WBS),0)&"."&COUNTIF(INDEX($AE:$AE,$AG30+1):$AE30,$AE30)))) -> 4.5 | C30: 2 | D30: Go-live | E30: Auto | F30: 0 | G30: 24 | H30: FS | N30: =IF($D30="","",IF($AI30,MIN(OFFSET(hdr_PlanStart,$AF30+1,0,$AH30,1)),IF($E30="Manual",IF(N($M30)>0,$M30,ProjectStart),WORKDAY.INTL(MAX(ProjectStart,N($M30),$AK30,$AL30)-1,1,WorkWeek,Holidays)))) -> 46371 | O30: =IF($D30="","",IF($AI30,MAX(OFFSET(hdr_PlanFinish,$AF30+1,0,$AH30,1)),IF(N($F30)<=0,$N30,WORKDAY.INTL($N30,$F30-1,WorkWeek,Holidays)))) -> 46371 | R30: =IF($D30="","",IF($AI30,MIN(OFFSET(hdr_FcStart,$AF30+1,0,$AH30,1)),IF(N($P30)>0,$P30,IF($E30="Manual",IF(N($M30)>0,$M30,ProjectStart),WORKDAY.INTL(MAX(ProjectStart,N($M30),$AM30,$AN30,IF(RescheduleAfterStatus="Yes",StatusDate,0))-1,1,WorkWeek,Holidays))))) -> 46371 | S30: =IF($D30="","",IF($AI30,MAX(OFFSET(hdr_FcFinish,$AF30+1,0,$AH30,1)),IF(N($Q30)>0,$Q30,IF(N($F30)<=0,$R30,IF(AND(N($P30)>0,RescheduleAfterStatus="Yes"),MAX(WORKDAY.INTL($R30,$F30-1,WorkWeek,Holidays),WORKDAY.INTL(StatusWorkday,MAX(0,ROUNDUP($F30*(1-MIN(1,N($U30))),0)-1),WorkWeek,Holidays)),WORKDAY.INTL($R30,$F30-1,WorkWeek,Holidays)))))) -> 46371 | T30: =IF($D30="","",IF($S30>=$O30,NETWORKDAYS.INTL($O30,$S30,WorkWeek,Holidays)-1,1-NETWORKDAYS.INTL($S30,$O30,WorkWeek,Holidays))) -> 0 | V30: =IF($D30="","",IF($AI30,IFERROR(SUM(OFFSET(hdr_WtDone,$AF30+1,0,$AH30,1))/SUM(OFFSET(hdr_WtDur,$AF30+1,0,$AH30,1)),0),IF(N($Q30)>0,1,MIN(1,N($U30))))) -> 0 | W30: =IF($D30="","",IF($V30>=1,"Complete",IF(OR(N($P30)>0,$V30>0),IF($T30>0,"Behind","In Progress"),IF($N30<StatusDate,"Late Start","Not Started")))) -> Not Started | Z30: =IF($D30="","",IF($AI30,SUMPRODUCT(OFFSET(hdr_Work,$AF30+1,0,$AH30,1),OFFSET(hdr_IsLeaf,$AF30+1,0,$AH30,1)),IF($X30="",0,N($F30)*HoursPerDay*IF($Y30="",DefaultUnits,$Y30)))) -> 0 | AA30: =IF($D30="","",IF($AI30,SUMPRODUCT(OFFSET(hdr_Cost,$AF30+1,0,$AH30,1),OFFSET(hdr_IsLeaf,$AF30+1,0,$AH30,1)),$Z30*IFERROR(INDEX(res_Rate,MATCH($X30,res_Name,0)),0))) -> 0 | AB30: =IF(OR($D30="",$AI30),"",IF(OR($R30<Sprint1Start,$R30>SprintLastEnd),"Backlog",INDEX(spr_Name,MATCH($R30,spr_Start,1)))) -> Sprint 8 | AC30: =IF($D30="","",$AT30&IF(AND($AT30<>"",$AU30<>""),",","")&$AU30) -> 24 | AD30: Milestone | AE30: =IF($D30="","",MAX(1,N($C30))) -> 2 | AF30: =ROW()-ROW(hdr_ID) -> 25 | AG30: =IF(OR($D30="",$AE30<=1),0,IFERROR(LOOKUP(2,1/($AE$5:$AE29=$AE30-1),ROW($AE$5:$AE29)),0)) -> 25 | AH30: =IF($D30="",0,COUNTIF(tsk_WBS,$B30&".*")) -> 0 | AI30: =$AH30>0 -> FALSE | AJ30: =IF(AND($D30<>"",NOT($AI30)),1,0) -> 1 | AK30: =IF(OR(N($G30)=0,$AI30,$D30=""),0,IFERROR(CHOOSE(MATCH(IF($H30="","FS",$H30),{"FS","SS","FF","SF"},0),WORKDAY.INTL(OFFSET(hdr_PlanFinish,MATCH($G30,tsk_ID,0),0),IF(N($F30)=0,0,1)+N($I30),WorkWeek,Holidays),WORKDAY.INTL(OFFSET(hdr_PlanStart,MATCH($G30,tsk_ID,0),0),N($I30),WorkWeek,Holidays),WORKDAY.INTL(WORKDAY.INTL(OFFSET(hdr_PlanFinish,MATCH($G30,tsk_ID,0),0),N($I30),WorkWeek,Holidays),-MAX(0,N($F30)-1),WorkWeek,Holidays),WORKDAY.INTL(WORKDAY.INTL(OFFSET(hdr_PlanStart,MATCH($G30,tsk_ID,0),0),N($I30),WorkWeek,Holidays),-MAX(0,N($F30)-1),WorkWeek,Holidays)),0)) -> 46371 | AL30: =IF(OR(N($J30)=0,$AI30,$D30=""),0,IFERROR(CHOOSE(MATCH(IF($K30="","FS",$K30),{"FS","SS","FF","SF"},0),WORKDAY.INTL(OFFSET(hdr_PlanFinish,MATCH($J30,tsk_ID,0),0),IF(N($F30)=0,0,1)+N($L30),WorkWeek,Holidays),WORKDAY.INTL(OFFSET(hdr_PlanStart,MATCH($J30,tsk_ID,0),0),N($L30),WorkWeek,Holidays),WORKDAY.INTL(WORKDAY.INTL(OFFSET(hdr_PlanFinish,MATCH($J30,tsk_ID,0),0),N($L30),WorkWeek,Holidays),-MAX(0,N($F30)-1),WorkWeek,Holidays),WORKDAY.INTL(WORKDAY.INTL(OFFSET(hdr_PlanStart,MATCH($J30,tsk_ID,0),0),N($L30),WorkWeek,Holidays),-MAX(0,N($F30)-1),WorkWeek,Holidays)),0)) -> 0 | AM30: =IF(OR(N($G30)=0,$AI30,$D30=""),0,IFERROR(CHOOSE(MATCH(IF($H30="","FS",$H30),{"FS","SS","FF","SF"},0),WORKDAY.INTL(OFFSET(hdr_FcFinish,MATCH($G30,tsk_ID,0),0),IF(N($F30)=0,0,1)+N($I30),WorkWeek,Holidays),WORKDAY.INTL(OFFSET(hdr_FcStart,MATCH($G30,tsk_ID,0),0),N($I30),WorkWeek,Holidays),WORKDAY.INTL(WORKDAY.INTL(OFFSET(hdr_FcFinish,MATCH($G30,tsk_ID,0),0),N($I30),WorkWeek,Holidays),-MAX(0,N($F30)-1),WorkWeek,Holidays),WORKDAY.INTL(WORKDAY.INTL(OFFSET(hdr_FcStart,MATCH($G30,tsk_ID,0),0),N($I30),WorkWeek,Holidays),-MAX(0,N($F30)-1),WorkWeek,Holidays)),0)) -> 46371 | AN30: =IF(OR(N($J30)=0,$AI30,$D30=""),0,IFERROR(CHOOSE(MATCH(IF($K30="","FS",$K30),{"FS","SS","FF","SF"},0),WORKDAY.INTL(OFFSET(hdr_FcFinish,MATCH($J30,tsk_ID,0),0),IF(N($F30)=0,0,1)+N($L30),WorkWeek,Holidays),WORKDAY.INTL(OFFSET(hdr_FcStart,MATCH($J30,tsk_ID,0),0),N($L30),WorkWeek,Holidays),WORKDAY.INTL(WORKDAY.INTL(OFFSET(hdr_FcFinish,MATCH($J30,tsk_ID,0),0),N($L30),WorkWeek,Holidays),-MAX(0,N($F30)-1),WorkWeek,Holidays),WORKDAY.INTL(WORKDAY.INTL(OFFSET(hdr_FcStart,MATCH($J30,tsk_ID,0),0),N($L30),WorkWeek,Holidays),-MAX(0,N($F30)-1),WorkWeek,Holidays)),0)) -> 0 | AO30: =IF($AJ30=1,$R30,0) -> 46371 | AP30: =IF($AJ30=1,$S30,0) -> 46371 | AQ30: =IF(AND($AJ30=1,N($Z30)>0),$Z30/($AP30-$AO30+1),0) -> 0 | AR30: =IF($AJ30=1,MAX(N($F30),0.1),0) -> 0.1 | AS30: =IF($AJ30=1,$AR30*$V30,0) -> 0 | AT30: =IF(N($G30)=0,"",$G30&IF(AND(IF($H30="","FS",$H30)="FS",N($I30)=0),"",IF($H30="","FS",$H30)&IF(N($I30)=0,"",IF(N($I30)>0,"+","")&N($I30)&"d"))) -> 24 | AU30: =IF(N($J30)=0,"",$J30&IF(AND(IF($K30="","FS",$K30)="FS",N($L30)=0),"",IF($K30="","FS",$K30)&IF(N($L30)=0,"",IF(N($L30)>0,"+","")&N($L30)&"d"))) | AV30: =IF(AND($AJ30=1,N($F30)=0,$V30<1),$S30+$AF30/100000,"") -> 46371
A31: =IF($D31="","",COUNTA($D$6:$D31)) -> 26 | B31: =IF($D31="","",IF($AE31=1,COUNTIF($AE$6:$AE31,1)&"",IF($AG31=0,"?",OFFSET(hdr_WBS,$AG31-ROW(hdr_WBS),0)&"."&COUNTIF(INDEX($AE:$AE,$AG31+1):$AE31,$AE31)))) -> 4.6 | C31: 2 | D31: Hypercare support | E31: Auto | F31: 10 | G31: 25 | H31: FS | N31: =IF($D31="","",IF($AI31,MIN(OFFSET(hdr_PlanStart,$AF31+1,0,$AH31,1)),IF($E31="Manual",IF(N($M31)>0,$M31,ProjectStart),WORKDAY.INTL(MAX(ProjectStart,N($M31),$AK31,$AL31)-1,1,WorkWeek,Holidays)))) -> 46372 | O31: =IF($D31="","",IF($AI31,MAX(OFFSET(hdr_PlanFinish,$AF31+1,0,$AH31,1)),IF(N($F31)<=0,$N31,WORKDAY.INTL($N31,$F31-1,WorkWeek,Holidays)))) -> 46391 | R31: =IF($D31="","",IF($AI31,MIN(OFFSET(hdr_FcStart,$AF31+1,0,$AH31,1)),IF(N($P31)>0,$P31,IF($E31="Manual",IF(N($M31)>0,$M31,ProjectStart),WORKDAY.INTL(MAX(ProjectStart,N($M31),$AM31,$AN31,IF(RescheduleAfterStatus="Yes",StatusDate,0))-1,1,WorkWeek,Holidays))))) -> 46372 | S31: =IF($D31="","",IF($AI31,MAX(OFFSET(hdr_FcFinish,$AF31+1,0,$AH31,1)),IF(N($Q31)>0,$Q31,IF(N($F31)<=0,$R31,IF(AND(N($P31)>0,RescheduleAfterStatus="Yes"),MAX(WORKDAY.INTL($R31,$F31-1,WorkWeek,Holidays),WORKDAY.INTL(StatusWorkday,MAX(0,ROUNDUP($F31*(1-MIN(1,N($U31))),0)-1),WorkWeek,Holidays)),WORKDAY.INTL($R31,$F31-1,WorkWeek,Holidays)))))) -> 46391 | T31: =IF($D31="","",IF($S31>=$O31,NETWORKDAYS.INTL($O31,$S31,WorkWeek,Holidays)-1,1-NETWORKDAYS.INTL($S31,$O31,WorkWeek,Holidays))) -> 0 | V31: =IF($D31="","",IF($AI31,IFERROR(SUM(OFFSET(hdr_WtDone,$AF31+1,0,$AH31,1))/SUM(OFFSET(hdr_WtDur,$AF31+1,0,$AH31,1)),0),IF(N($Q31)>0,1,MIN(1,N($U31))))) -> 0 | W31: =IF($D31="","",IF($V31>=1,"Complete",IF(OR(N($P31)>0,$V31>0),IF($T31>0,"Behind","In Progress"),IF($N31<StatusDate,"Late Start","Not Started")))) -> Not Started | X31: Jordan Lee | Y31: 0.5 | Z31: =IF($D31="","",IF($AI31,SUMPRODUCT(OFFSET(hdr_Work,$AF31+1,0,$AH31,1),OFFSET(hdr_IsLeaf,$AF31+1,0,$AH31,1)),IF($X31="",0,N($F31)*HoursPerDay*IF($Y31="",DefaultUnits,$Y31)))) -> 40 | AA31: =IF($D31="","",IF($AI31,SUMPRODUCT(OFFSET(hdr_Cost,$AF31+1,0,$AH31,1),OFFSET(hdr_IsLeaf,$AF31+1,0,$AH31,1)),$Z31*IFERROR(INDEX(res_Rate,MATCH($X31,res_Name,0)),0))) -> 3400 | AB31: =IF(OR($D31="",$AI31),"",IF(OR($R31<Sprint1Start,$R31>SprintLastEnd),"Backlog",INDEX(spr_Name,MATCH($R31,spr_Start,1)))) -> Sprint 8 | AC31: =IF($D31="","",$AT31&IF(AND($AT31<>"",$AU31<>""),",","")&$AU31) -> 25 | AE31: =IF($D31="","",MAX(1,N($C31))) -> 2 | AF31: =ROW()-ROW(hdr_ID) -> 26 | AG31: =IF(OR($D31="",$AE31<=1),0,IFERROR(LOOKUP(2,1/($AE$5:$AE30=$AE31-1),ROW($AE$5:$AE30)),0)) -> 25 | AH31: =IF($D31="",0,COUNTIF(tsk_WBS,$B31&".*")) -> 0 | AI31: =$AH31>0 -> FALSE | AJ31: =IF(AND($D31<>"",NOT($AI31)),1,0) -> 1 | AK31: =IF(OR(N($G31)=0,$AI31,$D31=""),0,IFERROR(CHOOSE(MATCH(IF($H31="","FS",$H31),{"FS","SS","FF","SF"},0),WORKDAY.INTL(OFFSET(hdr_PlanFinish,MATCH($G31,tsk_ID,0),0),IF(N($F31)=0,0,1)+N($I31),WorkWeek,Holidays),WORKDAY.INTL(OFFSET(hdr_PlanStart,MATCH($G31,tsk_ID,0),0),N($I31),WorkWeek,Holidays),WORKDAY.INTL(WORKDAY.INTL(OFFSET(hdr_PlanFinish,MATCH($G31,tsk_ID,0),0),N($I31),WorkWeek,Holidays),-MAX(0,N($F31)-1),WorkWeek,Holidays),WORKDAY.INTL(WORKDAY.INTL(OFFSET(hdr_PlanStart,MATCH($G31,tsk_ID,0),0),N($I31),WorkWeek,Holidays),-MAX(0,N($F31)-1),WorkWeek,Holidays)),0)) -> 46372 | AL31: =IF(OR(N($J31)=0,$AI31,$D31=""),0,IFERROR(CHOOSE(MATCH(IF($K31="","FS",$K31),{"FS","SS","FF","SF"},0),WORKDAY.INTL(OFFSET(hdr_PlanFinish,MATCH($J31,tsk_ID,0),0),IF(N($F31)=0,0,1)+N($L31),WorkWeek,Holidays),WORKDAY.INTL(OFFSET(hdr_PlanStart,MATCH($J31,tsk_ID,0),0),N($L31),WorkWeek,Holidays),WORKDAY.INTL(WORKDAY.INTL(OFFSET(hdr_PlanFinish,MATCH($J31,tsk_ID,0),0),N($L31),WorkWeek,Holidays),-MAX(0,N($F31)-1),WorkWeek,Holidays),WORKDAY.INTL(WORKDAY.INTL(OFFSET(hdr_PlanStart,MATCH($J31,tsk_ID,0),0),N($L31),WorkWeek,Holidays),-MAX(0,N($F31)-1),WorkWeek,Holidays)),0)) -> 0 | AM31: =IF(OR(N($G31)=0,$AI31,$D31=""),0,IFERROR(CHOOSE(MATCH(IF($H31="","FS",$H31),{"FS","SS","FF","SF"},0),WORKDAY.INTL(OFFSET(hdr_FcFinish,MATCH($G31,tsk_ID,0),0),IF(N($F31)=0,0,1)+N($I31),WorkWeek,Holidays),WORKDAY.INTL(OFFSET(hdr_FcStart,MATCH($G31,tsk_ID,0),0),N($I31),WorkWeek,Holidays),WORKDAY.INTL(WORKDAY.INTL(OFFSET(hdr_FcFinish,MATCH($G31,tsk_ID,0),0),N($I31),WorkWeek,Holidays),-MAX(0,N($F31)-1),WorkWeek,Holidays),WORKDAY.INTL(WORKDAY.INTL(OFFSET(hdr_FcStart,MATCH($G31,tsk_ID,0),0),N($I31),WorkWeek,Holidays),-MAX(0,N($F31)-1),WorkWeek,Holidays)),0)) -> 46372 | AN31: =IF(OR(N($J31)=0,$AI31,$D31=""),0,IFERROR(CHOOSE(MATCH(IF($K31="","FS",$K31),{"FS","SS","FF","SF"},0),WORKDAY.INTL(OFFSET(hdr_FcFinish,MATCH($J31,tsk_ID,0),0),IF(N($F31)=0,0,1)+N($L31),WorkWeek,Holidays),WORKDAY.INTL(OFFSET(hdr_FcStart,MATCH($J31,tsk_ID,0),0),N($L31),WorkWeek,Holidays),WORKDAY.INTL(WORKDAY.INTL(OFFSET(hdr_FcFinish,MATCH($J31,tsk_ID,0),0),N($L31),WorkWeek,Holidays),-MAX(0,N($F31)-1),WorkWeek,Holidays),WORKDAY.INTL(WORKDAY.INTL(OFFSET(hdr_FcStart,MATCH($J31,tsk_ID,0),0),N($L31),WorkWeek,Holidays),-MAX(0,N($F31)-1),WorkWeek,Holidays)),0)) -> 0 | AO31: =IF($AJ31=1,$R31,0) -> 46372 | AP31: =IF($AJ31=1,$S31,0) -> 46391 | AQ31: =IF(AND($AJ31=1,N($Z31)>0),$Z31/($AP31-$AO31+1),0) -> 2 | AR31: =IF($AJ31=1,MAX(N($F31),0.1),0) -> 10 | AS31: =IF($AJ31=1,$AR31*$V31,0) -> 0 | AT31: =IF(N($G31)=0,"",$G31&IF(AND(IF($H31="","FS",$H31)="FS",N($I31)=0),"",IF($H31="","FS",$H31)&IF(N($I31)=0,"",IF(N($I31)>0,"+","")&N($I31)&"d"))) -> 25 | AU31: =IF(N($J31)=0,"",$J31&IF(AND(IF($K31="","FS",$K31)="FS",N($L31)=0),"",IF($K31="","FS",$K31)&IF(N($L31)=0,"",IF(N($L31)>0,"+","")&N($L31)&"d"))) | AV31: =IF(AND($AJ31=1,N($F31)=0,$V31<1),$S31+$AF31/100000,"")
A32: =IF($D32="","",COUNTA($D$6:$D32)) -> 27 | B32: =IF($D32="","",IF($AE32=1,COUNTIF($AE$6:$AE32,1)&"",IF($AG32=0,"?",OFFSET(hdr_WBS,$AG32-ROW(hdr_WBS),0)&"."&COUNTIF(INDEX($AE:$AE,$AG32+1):$AE32,$AE32)))) -> 5 | C32: 1 | D32: Project Close | E32: Auto | N32: =IF($D32="","",IF($AI32,MIN(OFFSET(hdr_PlanStart,$AF32+1,0,$AH32,1)),IF($E32="Manual",IF(N($M32)>0,$M32,ProjectStart),WORKDAY.INTL(MAX(ProjectStart,N($M32),$AK32,$AL32)-1,1,WorkWeek,Holidays)))) -> 46342 | O32: =IF($D32="","",IF($AI32,MAX(OFFSET(hdr_PlanFinish,$AF32+1,0,$AH32,1)),IF(N($F32)<=0,$N32,WORKDAY.INTL($N32,$F32-1,WorkWeek,Holidays)))) -> 46393 | R32: =IF($D32="","",IF($AI32,MIN(OFFSET(hdr_FcStart,$AF32+1,0,$AH32,1)),IF(N($P32)>0,$P32,IF($E32="Manual",IF(N($M32)>0,$M32,ProjectStart),WORKDAY.INTL(MAX(ProjectStart,N($M32),$AM32,$AN32,IF(RescheduleAfterStatus="Yes",StatusDate,0))-1,1,WorkWeek,Holidays))))) -> 46342 | S32: =IF($D32="","",IF($AI32,MAX(OFFSET(hdr_FcFinish,$AF32+1,0,$AH32,1)),IF(N($Q32)>0,$Q32,IF(N($F32)<=0,$R32,IF(AND(N($P32)>0,RescheduleAfterStatus="Yes"),MAX(WORKDAY.INTL($R32,$F32-1,WorkWeek,Holidays),WORKDAY.INTL(StatusWorkday,MAX(0,ROUNDUP($F32*(1-MIN(1,N($U32))),0)-1),WorkWeek,Holidays)),WORKDAY.INTL($R32,$F32-1,WorkWeek,Holidays)))))) -> 46393 | T32: =IF($D32="","",IF($S32>=$O32,NETWORKDAYS.INTL($O32,$S32,WorkWeek,Holidays)-1,1-NETWORKDAYS.INTL($S32,$O32,WorkWeek,Holidays))) -> 0 | V32: =IF($D32="","",IF($AI32,IFERROR(SUM(OFFSET(hdr_WtDone,$AF32+1,0,$AH32,1))/SUM(OFFSET(hdr_WtDur,$AF32+1,0,$AH32,1)),0),IF(N($Q32)>0,1,MIN(1,N($U32))))) -> 0 | W32: =IF($D32="","",IF($V32>=1,"Complete",IF(OR(N($P32)>0,$V32>0),IF($T32>0,"Behind","In Progress"),IF($N32<StatusDate,"Late Start","Not Started")))) -> Not Started | Z32: =IF($D32="","",IF($AI32,SUMPRODUCT(OFFSET(hdr_Work,$AF32+1,0,$AH32,1),OFFSET(hdr_IsLeaf,$AF32+1,0,$AH32,1)),IF($X32="",0,N($F32)*HoursPerDay*IF($Y32="",DefaultUnits,$Y32)))) -> 24 | AA32: =IF($D32="","",IF($AI32,SUMPRODUCT(OFFSET(hdr_Cost,$AF32+1,0,$AH32,1),OFFSET(hdr_IsLeaf,$AF32+1,0,$AH32,1)),$Z32*IFERROR(INDEX(res_Rate,MATCH($X32,res_Name,0)),0))) -> 2280 | AB32: =IF(OR($D32="",$AI32),"",IF(OR($R32<Sprint1Start,$R32>SprintLastEnd),"Backlog",INDEX(spr_Name,MATCH($R32,spr_Start,1)))) | AC32: =IF($D32="","",$AT32&IF(AND($AT32<>"",$AU32<>""),",","")&$AU32) | AE32: =IF($D32="","",MAX(1,N($C32))) -> 1 | AF32: =ROW()-ROW(hdr_ID) -> 27 | AG32: =IF(OR($D32="",$AE32<=1),0,IFERROR(LOOKUP(2,1/($AE$5:$AE31=$AE32-1),ROW($AE$5:$AE31)),0)) -> 0 | AH32: =IF($D32="",0,COUNTIF(tsk_WBS,$B32&".*")) -> 3 | AI32: =$AH32>0 -> TRUE | AJ32: =IF(AND($D32<>"",NOT($AI32)),1,0) -> 0 | AK32: =IF(OR(N($G32)=0,$AI32,$D32=""),0,IFERROR(CHOOSE(MATCH(IF($H32="","FS",$H32),{"FS","SS","FF","SF"},0),WORKDAY.INTL(OFFSET(hdr_PlanFinish,MATCH($G32,tsk_ID,0),0),IF(N($F32)=0,0,1)+N($I32),WorkWeek,Holidays),WORKDAY.INTL(OFFSET(hdr_PlanStart,MATCH($G32,tsk_ID,0),0),N($I32),WorkWeek,Holidays),WORKDAY.INTL(WORKDAY.INTL(OFFSET(hdr_PlanFinish,MATCH($G32,tsk_ID,0),0),N($I32),WorkWeek,Holidays),-MAX(0,N($F32)-1),WorkWeek,Holidays),WORKDAY.INTL(WORKDAY.INTL(OFFSET(hdr_PlanStart,MATCH($G32,tsk_ID,0),0),N($I32),WorkWeek,Holidays),-MAX(0,N($F32)-1),WorkWeek,Holidays)),0)) -> 0 | AL32: =IF(OR(N($J32)=0,$AI32,$D32=""),0,IFERROR(CHOOSE(MATCH(IF($K32="","FS",$K32),{"FS","SS","FF","SF"},0),WORKDAY.INTL(OFFSET(hdr_PlanFinish,MATCH($J32,tsk_ID,0),0),IF(N($F32)=0,0,1)+N($L32),WorkWeek,Holidays),WORKDAY.INTL(OFFSET(hdr_PlanStart,MATCH($J32,tsk_ID,0),0),N($L32),WorkWeek,Holidays),WORKDAY.INTL(WORKDAY.INTL(OFFSET(hdr_PlanFinish,MATCH($J32,tsk_ID,0),0),N($L32),WorkWeek,Holidays),-MAX(0,N($F32)-1),WorkWeek,Holidays),WORKDAY.INTL(WORKDAY.INTL(OFFSET(hdr_PlanStart,MATCH($J32,tsk_ID,0),0),N($L32),WorkWeek,Holidays),-MAX(0,N($F32)-1),WorkWeek,Holidays)),0)) -> 0 | AM32: =IF(OR(N($G32)=0,$AI32,$D32=""),0,IFERROR(CHOOSE(MATCH(IF($H32="","FS",$H32),{"FS","SS","FF","SF"},0),WORKDAY.INTL(OFFSET(hdr_FcFinish,MATCH($G32,tsk_ID,0),0),IF(N($F32)=0,0,1)+N($I32),WorkWeek,Holidays),WORKDAY.INTL(OFFSET(hdr_FcStart,MATCH($G32,tsk_ID,0),0),N($I32),WorkWeek,Holidays),WORKDAY.INTL(WORKDAY.INTL(OFFSET(hdr_FcFinish,MATCH($G32,tsk_ID,0),0),N($I32),WorkWeek,Holidays),-MAX(0,N($F32)-1),WorkWeek,Holidays),WORKDAY.INTL(WORKDAY.INTL(OFFSET(hdr_FcStart,MATCH($G32,tsk_ID,0),0),N($I32),WorkWeek,Holidays),-MAX(0,N($F32)-1),WorkWeek,Holidays)),0)) -> 0 | AN32: =IF(OR(N($J32)=0,$AI32,$D32=""),0,IFERROR(CHOOSE(MATCH(IF($K32="","FS",$K32),{"FS","SS","FF","SF"},0),WORKDAY.INTL(OFFSET(hdr_FcFinish,MATCH($J32,tsk_ID,0),0),IF(N($F32)=0,0,1)+N($L32),WorkWeek,Holidays),WORKDAY.INTL(OFFSET(hdr_FcStart,MATCH($J32,tsk_ID,0),0),N($L32),WorkWeek,Holidays),WORKDAY.INTL(WORKDAY.INTL(OFFSET(hdr_FcFinish,MATCH($J32,tsk_ID,0),0),N($L32),WorkWeek,Holidays),-MAX(0,N($F32)-1),WorkWeek,Holidays),WORKDAY.INTL(WORKDAY.INTL(OFFSET(hdr_FcStart,MATCH($J32,tsk_ID,0),0),N($L32),WorkWeek,Holidays),-MAX(0,N($F32)-1),WorkWeek,Holidays)),0)) -> 0 | AO32: =IF($AJ32=1,$R32,0) -> 0 | AP32: =IF($AJ32=1,$S32,0) -> 0 | AQ32: =IF(AND($AJ32=1,N($Z32)>0),$Z32/($AP32-$AO32+1),0) -> 0 | AR32: =IF($AJ32=1,MAX(N($F32),0.1),0) -> 0 | AS32: =IF($AJ32=1,$AR32*$V32,0) -> 0 | AT32: =IF(N($G32)=0,"",$G32&IF(AND(IF($H32="","FS",$H32)="FS",N($I32)=0),"",IF($H32="","FS",$H32)&IF(N($I32)=0,"",IF(N($I32)>0,"+","")&N($I32)&"d"))) | AU32: =IF(N($J32)=0,"",$J32&IF(AND(IF($K32="","FS",$K32)="FS",N($L32)=0),"",IF($K32="","FS",$K32)&IF(N($L32)=0,"",IF(N($L32)>0,"+","")&N($L32)&"d"))) | AV32: =IF(AND($AJ32=1,N($F32)=0,$V32<1),$S32+$AF32/100000,"")
A33: =IF($D33="","",COUNTA($D$6:$D33)) -> 28 | B33: =IF($D33="","",IF($AE33=1,COUNTIF($AE$6:$AE33,1)&"",IF($AG33=0,"?",OFFSET(hdr_WBS,$AG33-ROW(hdr_WBS),0)&"."&COUNTIF(INDEX($AE:$AE,$AG33+1):$AE33,$AE33)))) -> 5.1 | C33: 2 | D33: Steering committee update | E33: Manual | F33: 1 | M33: 46342 | N33: =IF($D33="","",IF($AI33,MIN(OFFSET(hdr_PlanStart,$AF33+1,0,$AH33,1)),IF($E33="Manual",IF(N($M33)>0,$M33,ProjectStart),WORKDAY.INTL(MAX(ProjectStart,N($M33),$AK33,$AL33)-1,1,WorkWeek,Holidays)))) -> 46342 | O33: =IF($D33="","",IF($AI33,MAX(OFFSET(hdr_PlanFinish,$AF33+1,0,$AH33,1)),IF(N($F33)<=0,$N33,WORKDAY.INTL($N33,$F33-1,WorkWeek,Holidays)))) -> 46342 | R33: =IF($D33="","",IF($AI33,MIN(OFFSET(hdr_FcStart,$AF33+1,0,$AH33,1)),IF(N($P33)>0,$P33,IF($E33="Manual",IF(N($M33)>0,$M33,ProjectStart),WORKDAY.INTL(MAX(ProjectStart,N($M33),$AM33,$AN33,IF(RescheduleAfterStatus="Yes",StatusDate,0))-1,1,WorkWeek,Holidays))))) -> 46342 | S33: =IF($D33="","",IF($AI33,MAX(OFFSET(hdr_FcFinish,$AF33+1,0,$AH33,1)),IF(N($Q33)>0,$Q33,IF(N($F33)<=0,$R33,IF(AND(N($P33)>0,RescheduleAfterStatus="Yes"),MAX(WORKDAY.INTL($R33,$F33-1,WorkWeek,Holidays),WORKDAY.INTL(StatusWorkday,MAX(0,ROUNDUP($F33*(1-MIN(1,N($U33))),0)-1),WorkWeek,Holidays)),WORKDAY.INTL($R33,$F33-1,WorkWeek,Holidays)))))) -> 46342 | T33: =IF($D33="","",IF($S33>=$O33,NETWORKDAYS.INTL($O33,$S33,WorkWeek,Holidays)-1,1-NETWORKDAYS.INTL($S33,$O33,WorkWeek,Holidays))) -> 0 | V33: =IF($D33="","",IF($AI33,IFERROR(SUM(OFFSET(hdr_WtDone,$AF33+1,0,$AH33,1))/SUM(OFFSET(hdr_WtDur,$AF33+1,0,$AH33,1)),0),IF(N($Q33)>0,1,MIN(1,N($U33))))) -> 0 | W33: =IF($D33="","",IF($V33>=1,"Complete",IF(OR(N($P33)>0,$V33>0),IF($T33>0,"Behind","In Progress"),IF($N33<StatusDate,"Late Start","Not Started")))) -> Not Started | X33: Priya Sharma | Z33: =IF($D33="","",IF($AI33,SUMPRODUCT(OFFSET(hdr_Work,$AF33+1,0,$AH33,1),OFFSET(hdr_IsLeaf,$AF33+1,0,$AH33,1)),IF($X33="",0,N($F33)*HoursPerDay*IF($Y33="",DefaultUnits,$Y33)))) -> 8 | AA33: =IF($D33="","",IF($AI33,SUMPRODUCT(OFFSET(hdr_Cost,$AF33+1,0,$AH33,1),OFFSET(hdr_IsLeaf,$AF33+1,0,$AH33,1)),$Z33*IFERROR(INDEX(res_Rate,MATCH($X33,res_Name,0)),0))) -> 760 | AB33: =IF(OR($D33="",$AI33),"",IF(OR($R33<Sprint1Start,$R33>SprintLastEnd),"Backlog",INDEX(spr_Name,MATCH($R33,spr_Start,1)))) -> Sprint 6 | AC33: =IF($D33="","",$AT33&IF(AND($AT33<>"",$AU33<>""),",","")&$AU33) | AD33: Manual mode example: fixed on the date in the Start No Earlier Than / Manual Start column. | AE33: =IF($D33="","",MAX(1,N($C33))) -> 2 | AF33: =ROW()-ROW(hdr_ID) -> 28 | AG33: =IF(OR($D33="",$AE33<=1),0,IFERROR(LOOKUP(2,1/($AE$5:$AE32=$AE33-1),ROW($AE$5:$AE32)),0)) -> 32 | AH33: =IF($D33="",0,COUNTIF(tsk_WBS,$B33&".*")) -> 0 | AI33: =$AH33>0 -> FALSE | AJ33: =IF(AND($D33<>"",NOT($AI33)),1,0) -> 1 | AK33: =IF(OR(N($G33)=0,$AI33,$D33=""),0,IFERROR(CHOOSE(MATCH(IF($H33="","FS",$H33),{"FS","SS","FF","SF"},0),WORKDAY.INTL(OFFSET(hdr_PlanFinish,MATCH($G33,tsk_ID,0),0),IF(N($F33)=0,0,1)+N($I33),WorkWeek,Holidays),WORKDAY.INTL(OFFSET(hdr_PlanStart,MATCH($G33,tsk_ID,0),0),N($I33),WorkWeek,Holidays),WORKDAY.INTL(WORKDAY.INTL(OFFSET(hdr_PlanFinish,MATCH($G33,tsk_ID,0),0),N($I33),WorkWeek,Holidays),-MAX(0,N($F33)-1),WorkWeek,Holidays),WORKDAY.INTL(WORKDAY.INTL(OFFSET(hdr_PlanStart,MATCH($G33,tsk_ID,0),0),N($I33),WorkWeek,Holidays),-MAX(0,N($F33)-1),WorkWeek,Holidays)),0)) -> 0 | AL33: =IF(OR(N($J33)=0,$AI33,$D33=""),0,IFERROR(CHOOSE(MATCH(IF($K33="","FS",$K33),{"FS","SS","FF","SF"},0),WORKDAY.INTL(OFFSET(hdr_PlanFinish,MATCH($J33,tsk_ID,0),0),IF(N($F33)=0,0,1)+N($L33),WorkWeek,Holidays),WORKDAY.INTL(OFFSET(hdr_PlanStart,MATCH($J33,tsk_ID,0),0),N($L33),WorkWeek,Holidays),WORKDAY.INTL(WORKDAY.INTL(OFFSET(hdr_PlanFinish,MATCH($J33,tsk_ID,0),0),N($L33),WorkWeek,Holidays),-MAX(0,N($F33)-1),WorkWeek,Holidays),WORKDAY.INTL(WORKDAY.INTL(OFFSET(hdr_PlanStart,MATCH($J33,tsk_ID,0),0),N($L33),WorkWeek,Holidays),-MAX(0,N($F33)-1),WorkWeek,Holidays)),0)) -> 0 | AM33: =IF(OR(N($G33)=0,$AI33,$D33=""),0,IFERROR(CHOOSE(MATCH(IF($H33="","FS",$H33),{"FS","SS","FF","SF"},0),WORKDAY.INTL(OFFSET(hdr_FcFinish,MATCH($G33,tsk_ID,0),0),IF(N($F33)=0,0,1)+N($I33),WorkWeek,Holidays),WORKDAY.INTL(OFFSET(hdr_FcStart,MATCH($G33,tsk_ID,0),0),N($I33),WorkWeek,Holidays),WORKDAY.INTL(WORKDAY.INTL(OFFSET(hdr_FcFinish,MATCH($G33,tsk_ID,0),0),N($I33),WorkWeek,Holidays),-MAX(0,N($F33)-1),WorkWeek,Holidays),WORKDAY.INTL(WORKDAY.INTL(OFFSET(hdr_FcStart,MATCH($G33,tsk_ID,0),0),N($I33),WorkWeek,Holidays),-MAX(0,N($F33)-1),WorkWeek,Holidays)),0)) -> 0 | AN33: =IF(OR(N($J33)=0,$AI33,$D33=""),0,IFERROR(CHOOSE(MATCH(IF($K33="","FS",$K33),{"FS","SS","FF","SF"},0),WORKDAY.INTL(OFFSET(hdr_FcFinish,MATCH($J33,tsk_ID,0),0),IF(N($F33)=0,0,1)+N($L33),WorkWeek,Holidays),WORKDAY.INTL(OFFSET(hdr_FcStart,MATCH($J33,tsk_ID,0),0),N($L33),WorkWeek,Holidays),WORKDAY.INTL(WORKDAY.INTL(OFFSET(hdr_FcFinish,MATCH($J33,tsk_ID,0),0),N($L33),WorkWeek,Holidays),-MAX(0,N($F33)-1),WorkWeek,Holidays),WORKDAY.INTL(WORKDAY.INTL(OFFSET(hdr_FcStart,MATCH($J33,tsk_ID,0),0),N($L33),WorkWeek,Holidays),-MAX(0,N($F33)-1),WorkWeek,Holidays)),0)) -> 0 | AO33: =IF($AJ33=1,$R33,0) -> 46342 | AP33: =IF($AJ33=1,$S33,0) -> 46342 | AQ33: =IF(AND($AJ33=1,N($Z33)>0),$Z33/($AP33-$AO33+1),0) -> 8 | AR33: =IF($AJ33=1,MAX(N($F33),0.1),0) -> 1 | AS33: =IF($AJ33=1,$AR33*$V33,0) -> 0 | AT33: =IF(N($G33)=0,"",$G33&IF(AND(IF($H33="","FS",$H33)="FS",N($I33)=0),"",IF($H33="","FS",$H33)&IF(N($I33)=0,"",IF(N($I33)>0,"+","")&N($I33)&"d"))) | AU33: =IF(N($J33)=0,"",$J33&IF(AND(IF($K33="","FS",$K33)="FS",N($L33)=0),"",IF($K33="","FS",$K33)&IF(N($L33)=0,"",IF(N($L33)>0,"+","")&N($L33)&"d"))) | AV33: =IF(AND($AJ33=1,N($F33)=0,$V33<1),$S33+$AF33/100000,"")
A34: =IF($D34="","",COUNTA($D$6:$D34)) -> 29 | B34: =IF($D34="","",IF($AE34=1,COUNTIF($AE$6:$AE34,1)&"",IF($AG34=0,"?",OFFSET(hdr_WBS,$AG34-ROW(hdr_WBS),0)&"."&COUNTIF(INDEX($AE:$AE,$AG34+1):$AE34,$AE34)))) -> 5.2 | C34: 2 | D34: Lessons learned | E34: Auto | F34: 2 | G34: 26 | H34: FS | N34: =IF($D34="","",IF($AI34,MIN(OFFSET(hdr_PlanStart,$AF34+1,0,$AH34,1)),IF($E34="Manual",IF(N($M34)>0,$M34,ProjectStart),WORKDAY.INTL(MAX(ProjectStart,N($M34),$AK34,$AL34)-1,1,WorkWeek,Holidays)))) -> 46392 | O34: =IF($D34="","",IF($AI34,MAX(OFFSET(hdr_PlanFinish,$AF34+1,0,$AH34,1)),IF(N($F34)<=0,$N34,WORKDAY.INTL($N34,$F34-1,WorkWeek,Holidays)))) -> 46393 | R34: =IF($D34="","",IF($AI34,MIN(OFFSET(hdr_FcStart,$AF34+1,0,$AH34,1)),IF(N($P34)>0,$P34,IF($E34="Manual",IF(N($M34)>0,$M34,ProjectStart),WORKDAY.INTL(MAX(ProjectStart,N($M34),$AM34,$AN34,IF(RescheduleAfterStatus="Yes",StatusDate,0))-1,1,WorkWeek,Holidays))))) -> 46392 | S34: =IF($D34="","",IF($AI34,MAX(OFFSET(hdr_FcFinish,$AF34+1,0,$AH34,1)),IF(N($Q34)>0,$Q34,IF(N($F34)<=0,$R34,IF(AND(N($P34)>0,RescheduleAfterStatus="Yes"),MAX(WORKDAY.INTL($R34,$F34-1,WorkWeek,Holidays),WORKDAY.INTL(StatusWorkday,MAX(0,ROUNDUP($F34*(1-MIN(1,N($U34))),0)-1),WorkWeek,Holidays)),WORKDAY.INTL($R34,$F34-1,WorkWeek,Holidays)))))) -> 46393 | T34: =IF($D34="","",IF($S34>=$O34,NETWORKDAYS.INTL($O34,$S34,WorkWeek,Holidays)-1,1-NETWORKDAYS.INTL($S34,$O34,WorkWeek,Holidays))) -> 0 | V34: =IF($D34="","",IF($AI34,IFERROR(SUM(OFFSET(hdr_WtDone,$AF34+1,0,$AH34,1))/SUM(OFFSET(hdr_WtDur,$AF34+1,0,$AH34,1)),0),IF(N($Q34)>0,1,MIN(1,N($U34))))) -> 0 | W34: =IF($D34="","",IF($V34>=1,"Complete",IF(OR(N($P34)>0,$V34>0),IF($T34>0,"Behind","In Progress"),IF($N34<StatusDate,"Late Start","Not Started")))) -> Not Started | X34: Priya Sharma | Z34: =IF($D34="","",IF($AI34,SUMPRODUCT(OFFSET(hdr_Work,$AF34+1,0,$AH34,1),OFFSET(hdr_IsLeaf,$AF34+1,0,$AH34,1)),IF($X34="",0,N($F34)*HoursPerDay*IF($Y34="",DefaultUnits,$Y34)))) -> 16 | AA34: =IF($D34="","",IF($AI34,SUMPRODUCT(OFFSET(hdr_Cost,$AF34+1,0,$AH34,1),OFFSET(hdr_IsLeaf,$AF34+1,0,$AH34,1)),$Z34*IFERROR(INDEX(res_Rate,MATCH($X34,res_Name,0)),0))) -> 1520 | AB34: =IF(OR($D34="",$AI34),"",IF(OR($R34<Sprint1Start,$R34>SprintLastEnd),"Backlog",INDEX(spr_Name,MATCH($R34,spr_Start,1)))) -> Sprint 9 | AC34: =IF($D34="","",$AT34&IF(AND($AT34<>"",$AU34<>""),",","")&$AU34) -> 26 | AE34: =IF($D34="","",MAX(1,N($C34))) -> 2 | AF34: =ROW()-ROW(hdr_ID) -> 29 | AG34: =IF(OR($D34="",$AE34<=1),0,IFERROR(LOOKUP(2,1/($AE$5:$AE33=$AE34-1),ROW($AE$5:$AE33)),0)) -> 32 | AH34: =IF($D34="",0,COUNTIF(tsk_WBS,$B34&".*")) -> 0 | AI34: =$AH34>0 -> FALSE | AJ34: =IF(AND($D34<>"",NOT($AI34)),1,0) -> 1 | AK34: =IF(OR(N($G34)=0,$AI34,$D34=""),0,IFERROR(CHOOSE(MATCH(IF($H34="","FS",$H34),{"FS","SS","FF","SF"},0),WORKDAY.INTL(OFFSET(hdr_PlanFinish,MATCH($G34,tsk_ID,0),0),IF(N($F34)=0,0,1)+N($I34),WorkWeek,Holidays),WORKDAY.INTL(OFFSET(hdr_PlanStart,MATCH($G34,tsk_ID,0),0),N($I34),WorkWeek,Holidays),WORKDAY.INTL(WORKDAY.INTL(OFFSET(hdr_PlanFinish,MATCH($G34,tsk_ID,0),0),N($I34),WorkWeek,Holidays),-MAX(0,N($F34)-1),WorkWeek,Holidays),WORKDAY.INTL(WORKDAY.INTL(OFFSET(hdr_PlanStart,MATCH($G34,tsk_ID,0),0),N($I34),WorkWeek,Holidays),-MAX(0,N($F34)-1),WorkWeek,Holidays)),0)) -> 46392 | AL34: =IF(OR(N($J34)=0,$AI34,$D34=""),0,IFERROR(CHOOSE(MATCH(IF($K34="","FS",$K34),{"FS","SS","FF","SF"},0),WORKDAY.INTL(OFFSET(hdr_PlanFinish,MATCH($J34,tsk_ID,0),0),IF(N($F34)=0,0,1)+N($L34),WorkWeek,Holidays),WORKDAY.INTL(OFFSET(hdr_PlanStart,MATCH($J34,tsk_ID,0),0),N($L34),WorkWeek,Holidays),WORKDAY.INTL(WORKDAY.INTL(OFFSET(hdr_PlanFinish,MATCH($J34,tsk_ID,0),0),N($L34),WorkWeek,Holidays),-MAX(0,N($F34)-1),WorkWeek,Holidays),WORKDAY.INTL(WORKDAY.INTL(OFFSET(hdr_PlanStart,MATCH($J34,tsk_ID,0),0),N($L34),WorkWeek,Holidays),-MAX(0,N($F34)-1),WorkWeek,Holidays)),0)) -> 0 | AM34: =IF(OR(N($G34)=0,$AI34,$D34=""),0,IFERROR(CHOOSE(MATCH(IF($H34="","FS",$H34),{"FS","SS","FF","SF"},0),WORKDAY.INTL(OFFSET(hdr_FcFinish,MATCH($G34,tsk_ID,0),0),IF(N($F34)=0,0,1)+N($I34),WorkWeek,Holidays),WORKDAY.INTL(OFFSET(hdr_FcStart,MATCH($G34,tsk_ID,0),0),N($I34),WorkWeek,Holidays),WORKDAY.INTL(WORKDAY.INTL(OFFSET(hdr_FcFinish,MATCH($G34,tsk_ID,0),0),N($I34),WorkWeek,Holidays),-MAX(0,N($F34)-1),WorkWeek,Holidays),WORKDAY.INTL(WORKDAY.INTL(OFFSET(hdr_FcStart,MATCH($G34,tsk_ID,0),0),N($I34),WorkWeek,Holidays),-MAX(0,N($F34)-1),WorkWeek,Holidays)),0)) -> 46392 | AN34: =IF(OR(N($J34)=0,$AI34,$D34=""),0,IFERROR(CHOOSE(MATCH(IF($K34="","FS",$K34),{"FS","SS","FF","SF"},0),WORKDAY.INTL(OFFSET(hdr_FcFinish,MATCH($J34,tsk_ID,0),0),IF(N($F34)=0,0,1)+N($L34),WorkWeek,Holidays),WORKDAY.INTL(OFFSET(hdr_FcStart,MATCH($J34,tsk_ID,0),0),N($L34),WorkWeek,Holidays),WORKDAY.INTL(WORKDAY.INTL(OFFSET(hdr_FcFinish,MATCH($J34,tsk_ID,0),0),N($L34),WorkWeek,Holidays),-MAX(0,N($F34)-1),WorkWeek,Holidays),WORKDAY.INTL(WORKDAY.INTL(OFFSET(hdr_FcStart,MATCH($J34,tsk_ID,0),0),N($L34),WorkWeek,Holidays),-MAX(0,N($F34)-1),WorkWeek,Holidays)),0)) -> 0 | AO34: =IF($AJ34=1,$R34,0) -> 46392 | AP34: =IF($AJ34=1,$S34,0) -> 46393 | AQ34: =IF(AND($AJ34=1,N($Z34)>0),$Z34/($AP34-$AO34+1),0) -> 8 | AR34: =IF($AJ34=1,MAX(N($F34),0.1),0) -> 2 | AS34: =IF($AJ34=1,$AR34*$V34,0) -> 0 | AT34: =IF(N($G34)=0,"",$G34&IF(AND(IF($H34="","FS",$H34)="FS",N($I34)=0),"",IF($H34="","FS",$H34)&IF(N($I34)=0,"",IF(N($I34)>0,"+","")&N($I34)&"d"))) -> 26 | AU34: =IF(N($J34)=0,"",$J34&IF(AND(IF($K34="","FS",$K34)="FS",N($L34)=0),"",IF($K34="","FS",$K34)&IF(N($L34)=0,"",IF(N($L34)>0,"+","")&N($L34)&"d"))) | AV34: =IF(AND($AJ34=1,N($F34)=0,$V34<1),$S34+$AF34/100000,"")
A35: =IF($D35="","",COUNTA($D$6:$D35)) -> 30 | B35: =IF($D35="","",IF($AE35=1,COUNTIF($AE$6:$AE35,1)&"",IF($AG35=0,"?",OFFSET(hdr_WBS,$AG35-ROW(hdr_WBS),0)&"."&COUNTIF(INDEX($AE:$AE,$AG35+1):$AE35,$AE35)))) -> 5.3 | C35: 2 | D35: Project closed | E35: Auto | F35: 0 | G35: 29 | H35: FS | N35: =IF($D35="","",IF($AI35,MIN(OFFSET(hdr_PlanStart,$AF35+1,0,$AH35,1)),IF($E35="Manual",IF(N($M35)>0,$M35,ProjectStart),WORKDAY.INTL(MAX(ProjectStart,N($M35),$AK35,$AL35)-1,1,WorkWeek,Holidays)))) -> 46393 | O35: =IF($D35="","",IF($AI35,MAX(OFFSET(hdr_PlanFinish,$AF35+1,0,$AH35,1)),IF(N($F35)<=0,$N35,WORKDAY.INTL($N35,$F35-1,WorkWeek,Holidays)))) -> 46393 | R35: =IF($D35="","",IF($AI35,MIN(OFFSET(hdr_FcStart,$AF35+1,0,$AH35,1)),IF(N($P35)>0,$P35,IF($E35="Manual",IF(N($M35)>0,$M35,ProjectStart),WORKDAY.INTL(MAX(ProjectStart,N($M35),$AM35,$AN35,IF(RescheduleAfterStatus="Yes",StatusDate,0))-1,1,WorkWeek,Holidays))))) -> 46393 | S35: =IF($D35="","",IF($AI35,MAX(OFFSET(hdr_FcFinish,$AF35+1,0,$AH35,1)),IF(N($Q35)>0,$Q35,IF(N($F35)<=0,$R35,IF(AND(N($P35)>0,RescheduleAfterStatus="Yes"),MAX(WORKDAY.INTL($R35,$F35-1,WorkWeek,Holidays),WORKDAY.INTL(StatusWorkday,MAX(0,ROUNDUP($F35*(1-MIN(1,N($U35))),0)-1),WorkWeek,Holidays)),WORKDAY.INTL($R35,$F35-1,WorkWeek,Holidays)))))) -> 46393 | T35: =IF($D35="","",IF($S35>=$O35,NETWORKDAYS.INTL($O35,$S35,WorkWeek,Holidays)-1,1-NETWORKDAYS.INTL($S35,$O35,WorkWeek,Holidays))) -> 0 | V35: =IF($D35="","",IF($AI35,IFERROR(SUM(OFFSET(hdr_WtDone,$AF35+1,0,$AH35,1))/SUM(OFFSET(hdr_WtDur,$AF35+1,0,$AH35,1)),0),IF(N($Q35)>0,1,MIN(1,N($U35))))) -> 0 | W35: =IF($D35="","",IF($V35>=1,"Complete",IF(OR(N($P35)>0,$V35>0),IF($T35>0,"Behind","In Progress"),IF($N35<StatusDate,"Late Start","Not Started")))) -> Not Started | Z35: =IF($D35="","",IF($AI35,SUMPRODUCT(OFFSET(hdr_Work,$AF35+1,0,$AH35,1),OFFSET(hdr_IsLeaf,$AF35+1,0,$AH35,1)),IF($X35="",0,N($F35)*HoursPerDay*IF($Y35="",DefaultUnits,$Y35)))) -> 0 | AA35: =IF($D35="","",IF($AI35,SUMPRODUCT(OFFSET(hdr_Cost,$AF35+1,0,$AH35,1),OFFSET(hdr_IsLeaf,$AF35+1,0,$AH35,1)),$Z35*IFERROR(INDEX(res_Rate,MATCH($X35,res_Name,0)),0))) -> 0 | AB35: =IF(OR($D35="",$AI35),"",IF(OR($R35<Sprint1Start,$R35>SprintLastEnd),"Backlog",INDEX(spr_Name,MATCH($R35,spr_Start,1)))) -> Sprint 9 | AC35: =IF($D35="","",$AT35&IF(AND($AT35<>"",$AU35<>""),",","")&$AU35) -> 29 | AD35: Milestone | AE35: =IF($D35="","",MAX(1,N($C35))) -> 2 | AF35: =ROW()-ROW(hdr_ID) -> 30 | AG35: =IF(OR($D35="",$AE35<=1),0,IFERROR(LOOKUP(2,1/($AE$5:$AE34=$AE35-1),ROW($AE$5:$AE34)),0)) -> 32 | AH35: =IF($D35="",0,COUNTIF(tsk_WBS,$B35&".*")) -> 0 | AI35: =$AH35>0 -> FALSE | AJ35: =IF(AND($D35<>"",NOT($AI35)),1,0) -> 1 | AK35: =IF(OR(N($G35)=0,$AI35,$D35=""),0,IFERROR(CHOOSE(MATCH(IF($H35="","FS",$H35),{"FS","SS","FF","SF"},0),WORKDAY.INTL(OFFSET(hdr_PlanFinish,MATCH($G35,tsk_ID,0),0),IF(N($F35)=0,0,1)+N($I35),WorkWeek,Holidays),WORKDAY.INTL(OFFSET(hdr_PlanStart,MATCH($G35,tsk_ID,0),0),N($I35),WorkWeek,Holidays),WORKDAY.INTL(WORKDAY.INTL(OFFSET(hdr_PlanFinish,MATCH($G35,tsk_ID,0),0),N($I35),WorkWeek,Holidays),-MAX(0,N($F35)-1),WorkWeek,Holidays),WORKDAY.INTL(WORKDAY.INTL(OFFSET(hdr_PlanStart,MATCH($G35,tsk_ID,0),0),N($I35),WorkWeek,Holidays),-MAX(0,N($F35)-1),WorkWeek,Holidays)),0)) -> 46393 | AL35: =IF(OR(N($J35)=0,$AI35,$D35=""),0,IFERROR(CHOOSE(MATCH(IF($K35="","FS",$K35),{"FS","SS","FF","SF"},0),WORKDAY.INTL(OFFSET(hdr_PlanFinish,MATCH($J35,tsk_ID,0),0),IF(N($F35)=0,0,1)+N($L35),WorkWeek,Holidays),WORKDAY.INTL(OFFSET(hdr_PlanStart,MATCH($J35,tsk_ID,0),0),N($L35),WorkWeek,Holidays),WORKDAY.INTL(WORKDAY.INTL(OFFSET(hdr_PlanFinish,MATCH($J35,tsk_ID,0),0),N($L35),WorkWeek,Holidays),-MAX(0,N($F35)-1),WorkWeek,Holidays),WORKDAY.INTL(WORKDAY.INTL(OFFSET(hdr_PlanStart,MATCH($J35,tsk_ID,0),0),N($L35),WorkWeek,Holidays),-MAX(0,N($F35)-1),WorkWeek,Holidays)),0)) -> 0 | AM35: =IF(OR(N($G35)=0,$AI35,$D35=""),0,IFERROR(CHOOSE(MATCH(IF($H35="","FS",$H35),{"FS","SS","FF","SF"},0),WORKDAY.INTL(OFFSET(hdr_FcFinish,MATCH($G35,tsk_ID,0),0),IF(N($F35)=0,0,1)+N($I35),WorkWeek,Holidays),WORKDAY.INTL(OFFSET(hdr_FcStart,MATCH($G35,tsk_ID,0),0),N($I35),WorkWeek,Holidays),WORKDAY.INTL(WORKDAY.INTL(OFFSET(hdr_FcFinish,MATCH($G35,tsk_ID,0),0),N($I35),WorkWeek,Holidays),-MAX(0,N($F35)-1),WorkWeek,Holidays),WORKDAY.INTL(WORKDAY.INTL(OFFSET(hdr_FcStart,MATCH($G35,tsk_ID,0),0),N($I35),WorkWeek,Holidays),-MAX(0,N($F35)-1),WorkWeek,Holidays)),0)) -> 46393 | AN35: =IF(OR(N($J35)=0,$AI35,$D35=""),0,IFERROR(CHOOSE(MATCH(IF($K35="","FS",$K35),{"FS","SS","FF","SF"},0),WORKDAY.INTL(OFFSET(hdr_FcFinish,MATCH($J35,tsk_ID,0),0),IF(N($F35)=0,0,1)+N($L35),WorkWeek,Holidays),WORKDAY.INTL(OFFSET(hdr_FcStart,MATCH($J35,tsk_ID,0),0),N($L35),WorkWeek,Holidays),WORKDAY.INTL(WORKDAY.INTL(OFFSET(hdr_FcFinish,MATCH($J35,tsk_ID,0),0),N($L35),WorkWeek,Holidays),-MAX(0,N($F35)-1),WorkWeek,Holidays),WORKDAY.INTL(WORKDAY.INTL(OFFSET(hdr_FcStart,MATCH($J35,tsk_ID,0),0),N($L35),WorkWeek,Holidays),-MAX(0,N($F35)-1),WorkWeek,Holidays)),0)) -> 0 | AO35: =IF($AJ35=1,$R35,0) -> 46393 | AP35: =IF($AJ35=1,$S35,0) -> 46393 | AQ35: =IF(AND($AJ35=1,N($Z35)>0),$Z35/($AP35-$AO35+1),0) -> 0 | AR35: =IF($AJ35=1,MAX(N($F35),0.1),0) -> 0.1 | AS35: =IF($AJ35=1,$AR35*$V35,0) -> 0 | AT35: =IF(N($G35)=0,"",$G35&IF(AND(IF($H35="","FS",$H35)="FS",N($I35)=0),"",IF($H35="","FS",$H35)&IF(N($I35)=0,"",IF(N($I35)>0,"+","")&N($I35)&"d"))) -> 29 | AU35: =IF(N($J35)=0,"",$J35&IF(AND(IF($K35="","FS",$K35)="FS",N($L35)=0),"",IF($K35="","FS",$K35)&IF(N($L35)=0,"",IF(N($L35)>0,"+","")&N($L35)&"d"))) | AV35: =IF(AND($AJ35=1,N($F35)=0,$V35<1),$S35+$AF35/100000,"") -> 46393
A36: =IF($D36="","",COUNTA($D$6:$D36)) | B36: =IF($D36="","",IF($AE36=1,COUNTIF($AE$6:$AE36,1)&"",IF($AG36=0,"?",OFFSET(hdr_WBS,$AG36-ROW(hdr_WBS),0)&"."&COUNTIF(INDEX($AE:$AE,$AG36+1):$AE36,$AE36)))) | N36: =IF($D36="","",IF($AI36,MIN(OFFSET(hdr_PlanStart,$AF36+1,0,$AH36,1)),IF($E36="Manual",IF(N($M36)>0,$M36,ProjectStart),WORKDAY.INTL(MAX(ProjectStart,N($M36),$AK36,$AL36)-1,1,WorkWeek,Holidays)))) | O36: =IF($D36="","",IF($AI36,MAX(OFFSET(hdr_PlanFinish,$AF36+1,0,$AH36,1)),IF(N($F36)<=0,$N36,WORKDAY.INTL($N36,$F36-1,WorkWeek,Holidays)))) | R36: =IF($D36="","",IF($AI36,MIN(OFFSET(hdr_FcStart,$AF36+1,0,$AH36,1)),IF(N($P36)>0,$P36,IF($E36="Manual",IF(N($M36)>0,$M36,ProjectStart),WORKDAY.INTL(MAX(ProjectStart,N($M36),$AM36,$AN36,IF(RescheduleAfterStatus="Yes",StatusDate,0))-1,1,WorkWeek,Holidays))))) | S36: =IF($D36="","",IF($AI36,MAX(OFFSET(hdr_FcFinish,$AF36+1,0,$AH36,1)),IF(N($Q36)>0,$Q36,IF(N($F36)<=0,$R36,IF(AND(N($P36)>0,RescheduleAfterStatus="Yes"),MAX(WORKDAY.INTL($R36,$F36-1,WorkWeek,Holidays),WORKDAY.INTL(StatusWorkday,MAX(0,ROUNDUP($F36*(1-MIN(1,N($U36))),0)-1),WorkWeek,Holidays)),WORKDAY.INTL($R36,$F36-1,WorkWeek,Holidays)))))) | T36: =IF($D36="","",IF($S36>=$O36,NETWORKDAYS.INTL($O36,$S36,WorkWeek,Holidays)-1,1-NETWORKDAYS.INTL($S36,$O36,WorkWeek,Holidays))) | V36: =IF($D36="","",IF($AI36,IFERROR(SUM(OFFSET(hdr_WtDone,$AF36+1,0,$AH36,1))/SUM(OFFSET(hdr_WtDur,$AF36+1,0,$AH36,1)),0),IF(N($Q36)>0,1,MIN(1,N($U36))))) | W36: =IF($D36="","",IF($V36>=1,"Complete",IF(OR(N($P36)>0,$V36>0),IF($T36>0,"Behind","In Progress"),IF($N36<StatusDate,"Late Start","Not Started")))) | Z36: =IF($D36="","",IF($AI36,SUMPRODUCT(OFFSET(hdr_Work,$AF36+1,0,$AH36,1),OFFSET(hdr_IsLeaf,$AF36+1,0,$AH36,1)),IF($X36="",0,N($F36)*HoursPerDay*IF($Y36="",DefaultUnits,$Y36)))) | AA36: =IF($D36="","",IF($AI36,SUMPRODUCT(OFFSET(hdr_Cost,$AF36+1,0,$AH36,1),OFFSET(hdr_IsLeaf,$AF36+1,0,$AH36,1)),$Z36*IFERROR(INDEX(res_Rate,MATCH($X36,res_Name,0)),0))) | AB36: =IF(OR($D36="",$AI36),"",IF(OR($R36<Sprint1Start,$R36>SprintLastEnd),"Backlog",INDEX(spr_Name,MATCH($R36,spr_Start,1)))) | AC36: =IF($D36="","",$AT36&IF(AND($AT36<>"",$AU36<>""),",","")&$AU36) | AE36: =IF($D36="","",MAX(1,N($C36))) | AF36: =ROW()-ROW(hdr_ID) -> 31 | AG36: =IF(OR($D36="",$AE36<=1),0,IFERROR(LOOKUP(2,1/($AE$5:$AE35=$AE36-1),ROW($AE$5:$AE35)),0)) -> 0 | AH36: =IF($D36="",0,COUNTIF(tsk_WBS,$B36&".*")) -> 0 | AI36: =$AH36>0 -> FALSE | AJ36: =IF(AND($D36<>"",NOT($AI36)),1,0) -> 0 | AK36: =IF(OR(N($G36)=0,$AI36,$D36=""),0,IFERROR(CHOOSE(MATCH(IF($H36="","FS",$H36),{"FS","SS","FF","SF"},0),WORKDAY.INTL(OFFSET(hdr_PlanFinish,MATCH($G36,tsk_ID,0),0),IF(N($F36)=0,0,1)+N($I36),WorkWeek,Holidays),WORKDAY.INTL(OFFSET(hdr_PlanStart,MATCH($G36,tsk_ID,0),0),N($I36),WorkWeek,Holidays),WORKDAY.INTL(WORKDAY.INTL(OFFSET(hdr_PlanFinish,MATCH($G36,tsk_ID,0),0),N($I36),WorkWeek,Holidays),-MAX(0,N($F36)-1),WorkWeek,Holidays),WORKDAY.INTL(WORKDAY.INTL(OFFSET(hdr_PlanStart,MATCH($G36,tsk_ID,0),0),N($I36),WorkWeek,Holidays),-MAX(0,N($F36)-1),WorkWeek,Holidays)),0)) -> 0 | AL36: =IF(OR(N($J36)=0,$AI36,$D36=""),0,IFERROR(CHOOSE(MATCH(IF($K36="","FS",$K36),{"FS","SS","FF","SF"},0),WORKDAY.INTL(OFFSET(hdr_PlanFinish,MATCH($J36,tsk_ID,0),0),IF(N($F36)=0,0,1)+N($L36),WorkWeek,Holidays),WORKDAY.INTL(OFFSET(hdr_PlanStart,MATCH($J36,tsk_ID,0),0),N($L36),WorkWeek,Holidays),WORKDAY.INTL(WORKDAY.INTL(OFFSET(hdr_PlanFinish,MATCH($J36,tsk_ID,0),0),N($L36),WorkWeek,Holidays),-MAX(0,N($F36)-1),WorkWeek,Holidays),WORKDAY.INTL(WORKDAY.INTL(OFFSET(hdr_PlanStart,MATCH($J36,tsk_ID,0),0),N($L36),WorkWeek,Holidays),-MAX(0,N($F36)-1),WorkWeek,Holidays)),0)) -> 0 | AM36: =IF(OR(N($G36)=0,$AI36,$D36=""),0,IFERROR(CHOOSE(MATCH(IF($H36="","FS",$H36),{"FS","SS","FF","SF"},0),WORKDAY.INTL(OFFSET(hdr_FcFinish,MATCH($G36,tsk_ID,0),0),IF(N($F36)=0,0,1)+N($I36),WorkWeek,Holidays),WORKDAY.INTL(OFFSET(hdr_FcStart,MATCH($G36,tsk_ID,0),0),N($I36),WorkWeek,Holidays),WORKDAY.INTL(WORKDAY.INTL(OFFSET(hdr_FcFinish,MATCH($G36,tsk_ID,0),0),N($I36),WorkWeek,Holidays),-MAX(0,N($F36)-1),WorkWeek,Holidays),WORKDAY.INTL(WORKDAY.INTL(OFFSET(hdr_FcStart,MATCH($G36,tsk_ID,0),0),N($I36),WorkWeek,Holidays),-MAX(0,N($F36)-1),WorkWeek,Holidays)),0)) -> 0 | AN36: =IF(OR(N($J36)=0,$AI36,$D36=""),0,IFERROR(CHOOSE(MATCH(IF($K36="","FS",$K36),{"FS","SS","FF","SF"},0),WORKDAY.INTL(OFFSET(hdr_FcFinish,MATCH($J36,tsk_ID,0),0),IF(N($F36)=0,0,1)+N($L36),WorkWeek,Holidays),WORKDAY.INTL(OFFSET(hdr_FcStart,MATCH($J36,tsk_ID,0),0),N($L36),WorkWeek,Holidays),WORKDAY.INTL(WORKDAY.INTL(OFFSET(hdr_FcFinish,MATCH($J36,tsk_ID,0),0),N($L36),WorkWeek,Holidays),-MAX(0,N($F36)-1),WorkWeek,Holidays),WORKDAY.INTL(WORKDAY.INTL(OFFSET(hdr_FcStart,MATCH($J36,tsk_ID,0),0),N($L36),WorkWeek,Holidays),-MAX(0,N($F36)-1),WorkWeek,Holidays)),0)) -> 0 | AO36: =IF($AJ36=1,$R36,0) -> 0 | AP36: =IF($AJ36=1,$S36,0) -> 0 | AQ36: =IF(AND($AJ36=1,N($Z36)>0),$Z36/($AP36-$AO36+1),0) -> 0 | AR36: =IF($AJ36=1,MAX(N($F36),0.1),0) -> 0 | AS36: =IF($AJ36=1,$AR36*$V36,0) -> 0 | AT36: =IF(N($G36)=0,"",$G36&IF(AND(IF($H36="","FS",$H36)="FS",N($I36)=0),"",IF($H36="","FS",$H36)&IF(N($I36)=0,"",IF(N($I36)>0,"+","")&N($I36)&"d"))) | AU36: =IF(N($J36)=0,"",$J36&IF(AND(IF($K36="","FS",$K36)="FS",N($L36)=0),"",IF($K36="","FS",$K36)&IF(N($L36)=0,"",IF(N($L36)>0,"+","")&N($L36)&"d"))) | AV36: =IF(AND($AJ36=1,N($F36)=0,$V36<1),$S36+$AF36/100000,"")
A37: =IF($D37="","",COUNTA($D$6:$D37)) | B37: =IF($D37="","",IF($AE37=1,COUNTIF($AE$6:$AE37,1)&"",IF($AG37=0,"?",OFFSET(hdr_WBS,$AG37-ROW(hdr_WBS),0)&"."&COUNTIF(INDEX($AE:$AE,$AG37+1):$AE37,$AE37)))) | N37: =IF($D37="","",IF($AI37,MIN(OFFSET(hdr_PlanStart,$AF37+1,0,$AH37,1)),IF($E37="Manual",IF(N($M37)>0,$M37,ProjectStart),WORKDAY.INTL(MAX(ProjectStart,N($M37),$AK37,$AL37)-1,1,WorkWeek,Holidays)))) | O37: =IF($D37="","",IF($AI37,MAX(OFFSET(hdr_PlanFinish,$AF37+1,0,$AH37,1)),IF(N($F37)<=0,$N37,WORKDAY.INTL($N37,$F37-1,WorkWeek,Holidays)))) | R37: =IF($D37="","",IF($AI37,MIN(OFFSET(hdr_FcStart,$AF37+1,0,$AH37,1)),IF(N($P37)>0,$P37,IF($E37="Manual",IF(N($M37)>0,$M37,ProjectStart),WORKDAY.INTL(MAX(ProjectStart,N($M37),$AM37,$AN37,IF(RescheduleAfterStatus="Yes",StatusDate,0))-1,1,WorkWeek,Holidays))))) | S37: =IF($D37="","",IF($AI37,MAX(OFFSET(hdr_FcFinish,$AF37+1,0,$AH37,1)),IF(N($Q37)>0,$Q37,IF(N($F37)<=0,$R37,IF(AND(N($P37)>0,RescheduleAfterStatus="Yes"),MAX(WORKDAY.INTL($R37,$F37-1,WorkWeek,Holidays),WORKDAY.INTL(StatusWorkday,MAX(0,ROUNDUP($F37*(1-MIN(1,N($U37))),0)-1),WorkWeek,Holidays)),WORKDAY.INTL($R37,$F37-1,WorkWeek,Holidays)))))) | T37: =IF($D37="","",IF($S37>=$O37,NETWORKDAYS.INTL($O37,$S37,WorkWeek,Holidays)-1,1-NETWORKDAYS.INTL($S37,$O37,WorkWeek,Holidays))) | V37: =IF($D37="","",IF($AI37,IFERROR(SUM(OFFSET(hdr_WtDone,$AF37+1,0,$AH37,1))/SUM(OFFSET(hdr_WtDur,$AF37+1,0,$AH37,1)),0),IF(N($Q37)>0,1,MIN(1,N($U37))))) | W37: =IF($D37="","",IF($V37>=1,"Complete",IF(OR(N($P37)>0,$V37>0),IF($T37>0,"Behind","In Progress"),IF($N37<StatusDate,"Late Start","Not Started")))) | Z37: =IF($D37="","",IF($AI37,SUMPRODUCT(OFFSET(hdr_Work,$AF37+1,0,$AH37,1),OFFSET(hdr_IsLeaf,$AF37+1,0,$AH37,1)),IF($X37="",0,N($F37)*HoursPerDay*IF($Y37="",DefaultUnits,$Y37)))) | AA37: =IF($D37="","",IF($AI37,SUMPRODUCT(OFFSET(hdr_Cost,$AF37+1,0,$AH37,1),OFFSET(hdr_IsLeaf,$AF37+1,0,$AH37,1)),$Z37*IFERROR(INDEX(res_Rate,MATCH($X37,res_Name,0)),0))) | AB37: =IF(OR($D37="",$AI37),"",IF(OR($R37<Sprint1Start,$R37>SprintLastEnd),"Backlog",INDEX(spr_Name,MATCH($R37,spr_Start,1)))) | AC37: =IF($D37="","",$AT37&IF(AND($AT37<>"",$AU37<>""),",","")&$AU37) | AE37: =IF($D37="","",MAX(1,N($C37))) | AF37: =ROW()-ROW(hdr_ID) -> 32 | AG37: =IF(OR($D37="",$AE37<=1),0,IFERROR(LOOKUP(2,1/($AE$5:$AE36=$AE37-1),ROW($AE$5:$AE36)),0)) -> 0 | AH37: =IF($D37="",0,COUNTIF(tsk_WBS,$B37&".*")) -> 0 | AI37: =$AH37>0 -> FALSE | AJ37: =IF(AND($D37<>"",NOT($AI37)),1,0) -> 0 | AK37: =IF(OR(N($G37)=0,$AI37,$D37=""),0,IFERROR(CHOOSE(MATCH(IF($H37="","FS",$H37),{"FS","SS","FF","SF"},0),WORKDAY.INTL(OFFSET(hdr_PlanFinish,MATCH($G37,tsk_ID,0),0),IF(N($F37)=0,0,1)+N($I37),WorkWeek,Holidays),WORKDAY.INTL(OFFSET(hdr_PlanStart,MATCH($G37,tsk_ID,0),0),N($I37),WorkWeek,Holidays),WORKDAY.INTL(WORKDAY.INTL(OFFSET(hdr_PlanFinish,MATCH($G37,tsk_ID,0),0),N($I37),WorkWeek,Holidays),-MAX(0,N($F37)-1),WorkWeek,Holidays),WORKDAY.INTL(WORKDAY.INTL(OFFSET(hdr_PlanStart,MATCH($G37,tsk_ID,0),0),N($I37),WorkWeek,Holidays),-MAX(0,N($F37)-1),WorkWeek,Holidays)),0)) -> 0 | AL37: =IF(OR(N($J37)=0,$AI37,$D37=""),0,IFERROR(CHOOSE(MATCH(IF($K37="","FS",$K37),{"FS","SS","FF","SF"},0),WORKDAY.INTL(OFFSET(hdr_PlanFinish,MATCH($J37,tsk_ID,0),0),IF(N($F37)=0,0,1)+N($L37),WorkWeek,Holidays),WORKDAY.INTL(OFFSET(hdr_PlanStart,MATCH($J37,tsk_ID,0),0),N($L37),WorkWeek,Holidays),WORKDAY.INTL(WORKDAY.INTL(OFFSET(hdr_PlanFinish,MATCH($J37,tsk_ID,0),0),N($L37),WorkWeek,Holidays),-MAX(0,N($F37)-1),WorkWeek,Holidays),WORKDAY.INTL(WORKDAY.INTL(OFFSET(hdr_PlanStart,MATCH($J37,tsk_ID,0),0),N($L37),WorkWeek,Holidays),-MAX(0,N($F37)-1),WorkWeek,Holidays)),0)) -> 0 | AM37: =IF(OR(N($G37)=0,$AI37,$D37=""),0,IFERROR(CHOOSE(MATCH(IF($H37="","FS",$H37),{"FS","SS","FF","SF"},0),WORKDAY.INTL(OFFSET(hdr_FcFinish,MATCH($G37,tsk_ID,0),0),IF(N($F37)=0,0,1)+N($I37),WorkWeek,Holidays),WORKDAY.INTL(OFFSET(hdr_FcStart,MATCH($G37,tsk_ID,0),0),N($I37),WorkWeek,Holidays),WORKDAY.INTL(WORKDAY.INTL(OFFSET(hdr_FcFinish,MATCH($G37,tsk_ID,0),0),N($I37),WorkWeek,Holidays),-MAX(0,N($F37)-1),WorkWeek,Holidays),WORKDAY.INTL(WORKDAY.INTL(OFFSET(hdr_FcStart,MATCH($G37,tsk_ID,0),0),N($I37),WorkWeek,Holidays),-MAX(0,N($F37)-1),WorkWeek,Holidays)),0)) -> 0 | AN37: =IF(OR(N($J37)=0,$AI37,$D37=""),0,IFERROR(CHOOSE(MATCH(IF($K37="","FS",$K37),{"FS","SS","FF","SF"},0),WORKDAY.INTL(OFFSET(hdr_FcFinish,MATCH($J37,tsk_ID,0),0),IF(N($F37)=0,0,1)+N($L37),WorkWeek,Holidays),WORKDAY.INTL(OFFSET(hdr_FcStart,MATCH($J37,tsk_ID,0),0),N($L37),WorkWeek,Holidays),WORKDAY.INTL(WORKDAY.INTL(OFFSET(hdr_FcFinish,MATCH($J37,tsk_ID,0),0),N($L37),WorkWeek,Holidays),-MAX(0,N($F37)-1),WorkWeek,Holidays),WORKDAY.INTL(WORKDAY.INTL(OFFSET(hdr_FcStart,MATCH($J37,tsk_ID,0),0),N($L37),WorkWeek,Holidays),-MAX(0,N($F37)-1),WorkWeek,Holidays)),0)) -> 0 | AO37: =IF($AJ37=1,$R37,0) -> 0 | AP37: =IF($AJ37=1,$S37,0) -> 0 | AQ37: =IF(AND($AJ37=1,N($Z37)>0),$Z37/($AP37-$AO37+1),0) -> 0 | AR37: =IF($AJ37=1,MAX(N($F37),0.1),0) -> 0 | AS37: =IF($AJ37=1,$AR37*$V37,0) -> 0 | AT37: =IF(N($G37)=0,"",$G37&IF(AND(IF($H37="","FS",$H37)="FS",N($I37)=0),"",IF($H37="","FS",$H37)&IF(N($I37)=0,"",IF(N($I37)>0,"+","")&N($I37)&"d"))) | AU37: =IF(N($J37)=0,"",$J37&IF(AND(IF($K37="","FS",$K37)="FS",N($L37)=0),"",IF($K37="","FS",$K37)&IF(N($L37)=0,"",IF(N($L37)>0,"+","")&N($L37)&"d"))) | AV37: =IF(AND($AJ37=1,N($F37)=0,$V37<1),$S37+$AF37/100000,"")
A38: =IF($D38="","",COUNTA($D$6:$D38)) | B38: =IF($D38="","",IF($AE38=1,COUNTIF($AE$6:$AE38,1)&"",IF($AG38=0,"?",OFFSET(hdr_WBS,$AG38-ROW(hdr_WBS),0)&"."&COUNTIF(INDEX($AE:$AE,$AG38+1):$AE38,$AE38)))) | N38: =IF($D38="","",IF($AI38,MIN(OFFSET(hdr_PlanStart,$AF38+1,0,$AH38,1)),IF($E38="Manual",IF(N($M38)>0,$M38,ProjectStart),WORKDAY.INTL(MAX(ProjectStart,N($M38),$AK38,$AL38)-1,1,WorkWeek,Holidays)))) | O38: =IF($D38="","",IF($AI38,MAX(OFFSET(hdr_PlanFinish,$AF38+1,0,$AH38,1)),IF(N($F38)<=0,$N38,WORKDAY.INTL($N38,$F38-1,WorkWeek,Holidays)))) | R38: =IF($D38="","",IF($AI38,MIN(OFFSET(hdr_FcStart,$AF38+1,0,$AH38,1)),IF(N($P38)>0,$P38,IF($E38="Manual",IF(N($M38)>0,$M38,ProjectStart),WORKDAY.INTL(MAX(ProjectStart,N($M38),$AM38,$AN38,IF(RescheduleAfterStatus="Yes",StatusDate,0))-1,1,WorkWeek,Holidays))))) | S38: =IF($D38="","",IF($AI38,MAX(OFFSET(hdr_FcFinish,$AF38+1,0,$AH38,1)),IF(N($Q38)>0,$Q38,IF(N($F38)<=0,$R38,IF(AND(N($P38)>0,RescheduleAfterStatus="Yes"),MAX(WORKDAY.INTL($R38,$F38-1,WorkWeek,Holidays),WORKDAY.INTL(StatusWorkday,MAX(0,ROUNDUP($F38*(1-MIN(1,N($U38))),0)-1),WorkWeek,Holidays)),WORKDAY.INTL($R38,$F38-1,WorkWeek,Holidays)))))) | T38: =IF($D38="","",IF($S38>=$O38,NETWORKDAYS.INTL($O38,$S38,WorkWeek,Holidays)-1,1-NETWORKDAYS.INTL($S38,$O38,WorkWeek,Holidays))) | V38: =IF($D38="","",IF($AI38,IFERROR(SUM(OFFSET(hdr_WtDone,$AF38+1,0,$AH38,1))/SUM(OFFSET(hdr_WtDur,$AF38+1,0,$AH38,1)),0),IF(N($Q38)>0,1,MIN(1,N($U38))))) | W38: =IF($D38="","",IF($V38>=1,"Complete",IF(OR(N($P38)>0,$V38>0),IF($T38>0,"Behind","In Progress"),IF($N38<StatusDate,"Late Start","Not Started")))) | Z38: =IF($D38="","",IF($AI38,SUMPRODUCT(OFFSET(hdr_Work,$AF38+1,0,$AH38,1),OFFSET(hdr_IsLeaf,$AF38+1,0,$AH38,1)),IF($X38="",0,N($F38)*HoursPerDay*IF($Y38="",DefaultUnits,$Y38)))) | AA38: =IF($D38="","",IF($AI38,SUMPRODUCT(OFFSET(hdr_Cost,$AF38+1,0,$AH38,1),OFFSET(hdr_IsLeaf,$AF38+1,0,$AH38,1)),$Z38*IFERROR(INDEX(res_Rate,MATCH($X38,res_Name,0)),0))) | AB38: =IF(OR($D38="",$AI38),"",IF(OR($R38<Sprint1Start,$R38>SprintLastEnd),"Backlog",INDEX(spr_Name,MATCH($R38,spr_Start,1)))) | AC38: =IF($D38="","",$AT38&IF(AND($AT38<>"",$AU38<>""),",","")&$AU38) | AE38: =IF($D38="","",MAX(1,N($C38))) | AF38: =ROW()-ROW(hdr_ID) -> 33 | AG38: =IF(OR($D38="",$AE38<=1),0,IFERROR(LOOKUP(2,1/($AE$5:$AE37=$AE38-1),ROW($AE$5:$AE37)),0)) -> 0 | AH38: =IF($D38="",0,COUNTIF(tsk_WBS,$B38&".*")) -> 0 | AI38: =$AH38>0 -> FALSE | AJ38: =IF(AND($D38<>"",NOT($AI38)),1,0) -> 0 | AK38: =IF(OR(N($G38)=0,$AI38,$D38=""),0,IFERROR(CHOOSE(MATCH(IF($H38="","FS",$H38),{"FS","SS","FF","SF"},0),WORKDAY.INTL(OFFSET(hdr_PlanFinish,MATCH($G38,tsk_ID,0),0),IF(N($F38)=0,0,1)+N($I38),WorkWeek,Holidays),WORKDAY.INTL(OFFSET(hdr_PlanStart,MATCH($G38,tsk_ID,0),0),N($I38),WorkWeek,Holidays),WORKDAY.INTL(WORKDAY.INTL(OFFSET(hdr_PlanFinish,MATCH($G38,tsk_ID,0),0),N($I38),WorkWeek,Holidays),-MAX(0,N($F38)-1),WorkWeek,Holidays),WORKDAY.INTL(WORKDAY.INTL(OFFSET(hdr_PlanStart,MATCH($G38,tsk_ID,0),0),N($I38),WorkWeek,Holidays),-MAX(0,N($F38)-1),WorkWeek,Holidays)),0)) -> 0 | AL38: =IF(OR(N($J38)=0,$AI38,$D38=""),0,IFERROR(CHOOSE(MATCH(IF($K38="","FS",$K38),{"FS","SS","FF","SF"},0),WORKDAY.INTL(OFFSET(hdr_PlanFinish,MATCH($J38,tsk_ID,0),0),IF(N($F38)=0,0,1)+N($L38),WorkWeek,Holidays),WORKDAY.INTL(OFFSET(hdr_PlanStart,MATCH($J38,tsk_ID,0),0),N($L38),WorkWeek,Holidays),WORKDAY.INTL(WORKDAY.INTL(OFFSET(hdr_PlanFinish,MATCH($J38,tsk_ID,0),0),N($L38),WorkWeek,Holidays),-MAX(0,N($F38)-1),WorkWeek,Holidays),WORKDAY.INTL(WORKDAY.INTL(OFFSET(hdr_PlanStart,MATCH($J38,tsk_ID,0),0),N($L38),WorkWeek,Holidays),-MAX(0,N($F38)-1),WorkWeek,Holidays)),0)) -> 0 | AM38: =IF(OR(N($G38)=0,$AI38,$D38=""),0,IFERROR(CHOOSE(MATCH(IF($H38="","FS",$H38),{"FS","SS","FF","SF"},0),WORKDAY.INTL(OFFSET(hdr_FcFinish,MATCH($G38,tsk_ID,0),0),IF(N($F38)=0,0,1)+N($I38),WorkWeek,Holidays),WORKDAY.INTL(OFFSET(hdr_FcStart,MATCH($G38,tsk_ID,0),0),N($I38),WorkWeek,Holidays),WORKDAY.INTL(WORKDAY.INTL(OFFSET(hdr_FcFinish,MATCH($G38,tsk_ID,0),0),N($I38),WorkWeek,Holidays),-MAX(0,N($F38)-1),WorkWeek,Holidays),WORKDAY.INTL(WORKDAY.INTL(OFFSET(hdr_FcStart,MATCH($G38,tsk_ID,0),0),N($I38),WorkWeek,Holidays),-MAX(0,N($F38)-1),WorkWeek,Holidays)),0)) -> 0 | AN38: =IF(OR(N($J38)=0,$AI38,$D38=""),0,IFERROR(CHOOSE(MATCH(IF($K38="","FS",$K38),{"FS","SS","FF","SF"},0),WORKDAY.INTL(OFFSET(hdr_FcFinish,MATCH($J38,tsk_ID,0),0),IF(N($F38)=0,0,1)+N($L38),WorkWeek,Holidays),WORKDAY.INTL(OFFSET(hdr_FcStart,MATCH($J38,tsk_ID,0),0),N($L38),WorkWeek,Holidays),WORKDAY.INTL(WORKDAY.INTL(OFFSET(hdr_FcFinish,MATCH($J38,tsk_ID,0),0),N($L38),WorkWeek,Holidays),-MAX(0,N($F38)-1),WorkWeek,Holidays),WORKDAY.INTL(WORKDAY.INTL(OFFSET(hdr_FcStart,MATCH($J38,tsk_ID,0),0),N($L38),WorkWeek,Holidays),-MAX(0,N($F38)-1),WorkWeek,Holidays)),0)) -> 0 | AO38: =IF($AJ38=1,$R38,0) -> 0 | AP38: =IF($AJ38=1,$S38,0) -> 0 | AQ38: =IF(AND($AJ38=1,N($Z38)>0),$Z38/($AP38-$AO38+1),0) -> 0 | AR38: =IF($AJ38=1,MAX(N($F38),0.1),0) -> 0 | AS38: =IF($AJ38=1,$AR38*$V38,0) -> 0 | AT38: =IF(N($G38)=0,"",$G38&IF(AND(IF($H38="","FS",$H38)="FS",N($I38)=0),"",IF($H38="","FS",$H38)&IF(N($I38)=0,"",IF(N($I38)>0,"+","")&N($I38)&"d"))) | AU38: =IF(N($J38)=0,"",$J38&IF(AND(IF($K38="","FS",$K38)="FS",N($L38)=0),"",IF($K38="","FS",$K38)&IF(N($L38)=0,"",IF(N($L38)>0,"+","")&N($L38)&"d"))) | AV38: =IF(AND($AJ38=1,N($F38)=0,$V38<1),$S38+$AF38/100000,"")
